INTL_20160320_000001	+1 entrée d'instance supplémentaire pour les missions et donjons	인던,미션 1회 추가입장				
INTL_20160320_000002	Contient divers avantages spéciaux pour tous vos personnages sur ce serveur pendant 60 jours. Clic droit pour utiliser.{nl}[Avantages Token]{nl} - Possibilité d'apprendre jusqu'à 2 attributs simultanément{nl} - Frais de commission du Marché réduits (30 % {img white_right_arrow 16 16} 10 %){nl} - Possibilité de mettre en vente jusqu'à 5 objets sur le Marché{nl} - +3 de vitesse de déplacement du personnage{nl} - +20 % d'EXP en chassant des monstres{nl} - Possibilité d'utiliser les gestes Premium{nl}- Possibilité d'utiliser l'échange personnel jusqu'à 60 fois{nl}- 1 entrée d'instance supplémentaire pour les missions et donjons{nl}	마우스 우클릭 시 사용되며 서버 내 모든 캐릭터에 사용 시점으로부터 60일간 혜택이 적용됩니다.{nl}[토큰 효과]{nl} - 특성 스킬 2개 동시 수련 가능{nl} - 마켓 판매 수수료율 감소(30%{img white_right_arrow 16 16}10%){nl} - 마켓 판매 등록 아이템 개수 5개{nl} - 캐릭터 이동속도 +3 증가{nl} - 몬스터 처치 시 경험치 +20% 증가{nl}(PC방 혜택, 경험의 서 효과와 중첩 가능){nl} - 프리미엄 제스쳐 사용 가능{nl} - 최대 버프 적용 개수 증가{nl} - 개인 거래 60회 가능{nl} - 인던,미션 추가 1회 입장가능				
INTL_20160320_000003	Contient divers avantages spéciaux pour tous vos personnages sur ce serveur pendant 60 jours. Clic droit pour utiliser.{nl}[Avantages Token]{nl} - Possibilité d'apprendre jusqu'à 2 attributs simultanément{nl} - Frais de commission du Marché réduits (30 % {img white_right_arrow 16 16} 10 %){nl} - Possibilité de mettre en vente jusqu'à 5 objets sur le Marché{nl} - +3 de vitesse de déplacement du personnage{nl} - +30 % d'EXP en chassant des monstres{nl} - Possibilité d'utiliser les gestes Premium{nl}- Possibilité d'utiliser l'échange personnel jusqu'à 60 fois{nl}- 1 entrée d'instance supplémentaire pour les missions et donjons{nl}	마우스 우클릭 시 사용되며 서버 내 모든 캐릭터에 사용 시점으로부터 60일간 혜택이 적용됩니다.{nl}[토큰 효과]{nl} - 특성 스킬 2개 동시 수련 가능{nl} - 마켓 판매 수수료율 감소(30%{img white_right_arrow 16 16}10%){nl} - 마켓 판매 등록 아이템 개수 5개{nl} - 캐릭터 이동속도 +3 증가{nl} - 몬스터 처치 시 경험치 +30% 증가{nl}(PC방 혜택, 경험의 서 효과와 중첩 가능){nl} - 프리미엄 제스쳐 사용 가능{nl} - 최대 버프 적용 개수 증가{nl} - 개인 거래 60회 가능{nl} - 인던,미션 추가 1회 입장가능	INTL_20160320_000002	Contient divers avantages spéciaux pour tous vos personnages sur ce serveur pendant 60 jours. Clic droit pour utiliser.{nl}[Avantages Token]{nl} - Possibilité d'apprendre jusqu'à 2 attributs simultanément{nl} - Frais de commission du Marché réduits (30 % {img white_right_arrow 16 16} 10 %){nl} - Possibilité de mettre en vente jusqu'à 5 objets sur le Marché{nl} - +3 de vitesse de déplacement du personnage{nl} - +20 % d'EXP en chassant des monstres{nl} - Possibilité d'utiliser les gestes Premium{nl}- Possibilité d'utiliser l'échange personnel jusqu'à 60 fois{nl}- 1 entrée d'instance supplémentaire pour les missions et donjons{nl}	마우스 우클릭 시 사용되며 서버 내 모든 캐릭터에 사용 시점으로부터 60일간 혜택이 적용됩니다.{nl}[토큰 효과]{nl} - 특성 스킬 2개 동시 수련 가능{nl} - 마켓 판매 수수료율 감소(30%{img white_right_arrow 16 16}10%){nl} - 마켓 판매 등록 아이템 개수 5개{nl} - 캐릭터 이동속도 +3 증가{nl} - 몬스터 처치 시 경험치 +20% 증가{nl}(PC방 혜택, 경험의 서 효과와 중첩 가능){nl} - 프리미엄 제스쳐 사용 가능{nl} - 최대 버프 적용 개수 증가{nl} - 개인 거래 60회 가능{nl} - 인던,미션 추가 1회 입장가능	
INTL_20160323_000004	- Possibilité d'apprendre jusqu'à 2 attributs{nl}simultanément{nl} - Frais de commission du Marché réduits (30 %{nl}{img white_right_arrow 16 16} 10 %){nl} - Possibilité de mettre en vente jusqu'à 5{nl}objets sur le Marché{nl} - +3 de vitesse de déplacement du personnage{nl} - Échange possible jusqu'à 30 fois seulement{nl}	- 특성 스킬 2개 동시 수련 가능{nl} - 마켓 판매 수수료율 감소(30%{img white_right_arrow 16 16}10%){nl} - 마켓 판매 등록 아이템 개수 5개{nl} - 캐릭터 이동속도 +3{nl} - 미션,던전 1회 추가입장{nl} - 최대 버프 적용 개수 증가{nl} - 프리미엄 제스쳐 사용 가능{nl}				
INTL_20160326_000005	Accorde les avantages Token à tous vos personnages sur le serveur pendant 60 jours. Clic droit pour utiliser.{nl}[Avantages Token]{nl} - Possibilité d'apprendre jusqu'à 2 attributs simultanément{nl} - Frais de commission du Marché réduits (30 % {img white_right_arrow 16 16} 10 %){nl} - Possibilité de mettre en vente jusqu'à 5 objets sur le Marché{nl} - +3 de vitesse de déplacement du personnage{nl} - +30 % d'EXP en chassant des monstres{nl}(Se cumule avec l'effet des Tome d'XP){nl} - Possibilité d'utiliser les gestes Premium{nl} - Nombre maximum de bonus augmenté{nl} - Possibilité d'utiliser l'échange personnel jusqu'à 60 fois	마우스 우클릭 시 사용되며 서버 내 모든 캐릭터에 사용 시점으로부터 60일간 혜택이 적용됩니다.{nl}[토큰 효과]{nl} - 특성 스킬 2개 동시 수련 가능{nl} - 마켓 판매 수수료율 감소(30%{img white_right_arrow 16 16}10%){nl} - 마켓 판매 등록 아이템 개수 5개{nl} - 캐릭터 이동속도 +3 증가{nl} - 몬스터 처치 시 경험치 +20% 증가{nl}(PC방 혜택, 경험의 서 효과와 중첩 가능){nl} - 프리미엄 제스쳐 사용 가능{nl} - 최대 버프 적용 개수 증가{nl} - 개인 거래 60회 가능	INTL_20160320_000003	Contient divers avantages spéciaux pour tous vos personnages sur ce serveur pendant 60 jours. Clic droit pour utiliser.{nl}[Avantages Token]{nl} - Possibilité d'apprendre jusqu'à 2 attributs simultanément{nl} - Frais de commission du Marché réduits (30 % {img white_right_arrow 16 16} 10 %){nl} - Possibilité de mettre en vente jusqu'à 5 objets sur le Marché{nl} - +3 de vitesse de déplacement du personnage{nl} - +30 % d'EXP en chassant des monstres{nl} - Possibilité d'utiliser les gestes Premium{nl}- Possibilité d'utiliser l'échange personnel jusqu'à 60 fois{nl}- 1 entrée d'instance supplémentaire pour les missions et donjons{nl}	마우스 우클릭 시 사용되며 서버 내 모든 캐릭터에 사용 시점으로부터 60일간 혜택이 적용됩니다.{nl}[토큰 효과]{nl} - 특성 스킬 2개 동시 수련 가능{nl} - 마켓 판매 수수료율 감소(30%{img white_right_arrow 16 16}10%){nl} - 마켓 판매 등록 아이템 개수 5개{nl} - 캐릭터 이동속도 +3 증가{nl} - 몬스터 처치 시 경험치 +30% 증가{nl}(PC방 혜택, 경험의 서 효과와 중첩 가능){nl} - 프리미엄 제스쳐 사용 가능{nl} - 최대 버프 적용 개수 증가{nl} - 개인 거래 60회 가능{nl} - 인던,미션 추가 1회 입장가능	
INTL_20160326_000006	Token : 30 jours	토큰:30일				
INTL_20160329_000007	Coffre de 10 parchemins d'enchantement	마법 부여 스크롤 10개 상자				
INTL_20160329_000008	Contient 10 parchemins d'enchantement. Clic droit pour utiliser.	사용 시 마법 부여 스크롤 10개를 획득합니다. 마우스 우클릭으로 사용합니다.				
INTL_20160329_000009	Coffre de 10 mégaphones	확성기 10개 상자				
INTL_20160329_000010	Contient 10 Mégaphone. Clic droit pour utiliser.	사용 시 확성기 10개를 획득합니다. 마우스 우클릭으로 사용합니다.				
INTL_20160419_000011	Utilisez pour obtenir 455 TP.	사용 시 455 TP를 획득합니다.				
INTL_20160419_000012	Utilisez pour obtenir 266 TP.	사용 시 266 TP를 획득합니다.				
INTL_20160419_000013	Utilisez pour obtenir 112 TP.	사용 시 112 TP를 획득합니다.				
INTL_20160419_000014	Clic droit pour obtenir les objets suivants :{nl} - 455 TP{nl} - Token (60 jours){nl} - Accessoire de cheveux - Poupée Popolion{nl} - Accessoire de cheveux - Poupée Hanaming{nl} - Bon de compagnon Hoglan{nl} - Potion de réinitialisation de stats{nl} - Potion de réinitialisation de Skills{nl}	마우스 우클릭 시 사용되며 구성물을 획득할 수 있습니다.{nl} - 455 TP{nl} - 토큰(60일){nl} - 헤어 악세서리 - 포포리온 인형{nl} - 헤어 악세서리 - 하나밍 인형{nl} - 호글란 컴패니언 교환권{nl} - 스탯초기화 포션{nl} - 스킬 초기화 포션{nl}	ETC_20160320_021185	Clic droit pour obtenir les objets suivants :{nl} - 650 TP{nl} - Token (60 jours){nl} - Accessoire de cheveux - Poupée Popolion{nl} - Accessoire de cheveux - Poupée Hanaming{nl} - Bon de compagnon Hoglan{nl} - Potion de réinitialisation de stats{nl} - Potion de réinitialisation de Skills{nl}	마우스 우클릭 시 사용되며 구성물을 획득할 수 있습니다.{nl} - 650 TP{nl} - 토큰(60일){nl} - 헤어 악세서리 - 포포리온 인형{nl} - 헤어 악세서리 - 하나밍 인형{nl} - 호글란 컴패니언 교환권{nl} - 스탯초기화 포션{nl} - 스킬 초기화 포션{nl}	
INTL_20160419_000015	Clic droit pour obtenir les objets suivants :{nl} - 266 TP{nl} - Token (30 jours){nl} - Accessoire de cheveux - Poupée Popolion{nl}	마우스 우클릭 시 사용되며 구성물을 획득할 수 있습니다.{nl} - 266 TP{nl} - 토큰 (30일){nl} - 헤어 악세서리 - 포포리온 인형{nl}	ETC_20160320_021189	Clic droit pour obtenir les objets suivants :{nl} - 380 TP{nl} - Token (60 jours){nl} - Accessoire de cheveux - Poupée Popolion{nl}	마우스 우클릭 시 사용되며 구성물을 획득할 수 있습니다.{nl} - 380 TP{nl} - 토큰 (30일){nl} - 헤어 악세서리 - 포포리온 인형{nl}	
INTL_20160425_000016	Applique les avantages Token à tous vos personnages sur le serveur pendant 60 jours. Clic droit pour utiliser.{nl}[Avantages Token]{nl} - Possibilité d'apprendre des attributs instantanément{nl} - Frais de commission du Marché réduits (30 % {img white_right_arrow 16 16} 10 %){nl} - Possibilité de mettre en vente jusqu'à 5 objets sur le Marché{nl} - +3 de déplacement du personnage{nl} - +20 % d'EXP en chassant des monstres{nl} - Possibilité d'utiliser les gestes Premium{nl} - Nombre maximum de bonus augmenté{nl} - Possibilité d'utiliser l'échange personnel jusqu'à 60 fois	마우스 우클릭 시 사용되며 서버 내 모든 캐릭터에 사용 시점으로부터 60일간 혜택이 적용됩니다.{nl}[토큰 효과]{nl} - 특성 즉시 수련 가능{nl} - 마켓 판매 수수료율 감소(30%{img white_right_arrow 16 16}10%){nl} - 마켓 판매 등록 아이템 개수 5개{nl} - 캐릭터 이동속도 +3 증가{nl} - 몬스터 처치 시 경험치 +20% 증가{nl}(PC방 혜택, 경험의 서 효과와 중첩 가능){nl} - 프리미엄 제스쳐 사용 가능{nl} - 최대 버프 적용 개수 증가{nl} - 개인 거래 60회 가능	INTL_20160326_000005	Accorde les avantages Token à tous vos personnages sur le serveur pendant 60 jours. Clic droit pour utiliser.{nl}[Avantages Token]{nl} - Possibilité d'apprendre jusqu'à 2 attributs simultanément{nl} - Frais de commission du Marché réduits (30 % {img white_right_arrow 16 16} 10 %){nl} - Possibilité de mettre en vente jusqu'à 5 objets sur le Marché{nl} - +3 de vitesse de déplacement du personnage{nl} - +30 % d'EXP en chassant des monstres{nl}(Se cumule avec l'effet des Tome d'XP){nl} - Possibilité d'utiliser les gestes Premium{nl} - Nombre maximum de bonus augmenté{nl} - Possibilité d'utiliser l'échange personnel jusqu'à 60 fois	마우스 우클릭 시 사용되며 서버 내 모든 캐릭터에 사용 시점으로부터 60일간 혜택이 적용됩니다.{nl}[토큰 효과]{nl} - 특성 스킬 2개 동시 수련 가능{nl} - 마켓 판매 수수료율 감소(30%{img white_right_arrow 16 16}10%){nl} - 마켓 판매 등록 아이템 개수 5개{nl} - 캐릭터 이동속도 +3 증가{nl} - 몬스터 처치 시 경험치 +20% 증가{nl}(PC방 혜택, 경험의 서 효과와 중첩 가능){nl} - 프리미엄 제스쳐 사용 가능{nl} - 최대 버프 적용 개수 증가{nl} - 개인 거래 60회 가능	
INTL_20160425_000017	Applique les avantages du Token à tous vos personnages du serveur pendant 30 jours. Clic droit pour utiliser.{nl}[Avantages du Token]{nl} - Permet d'apprendre les attributs instantanément{nl} - Commission du Marché réduite (30 % {img white_right_arrow 16 16} 10 %){nl} - Permet de mettre en vente jusqu'à 5 objets sur le Marché{nl} - +3 à la vitesse de déplacement du personnage{nl} - +30 % d'EXP en chassant les monstres{nl} - Permet d'utiliser les Gestes Premium{nl} - Augmente le nombre maximum de buffs{nl} - Permet d'utiliser le Commerce personnel jusqu'à 30 fois{nl} - 1 entrée d'instance supplémentaire pour les missions et donjons	마우스 우클릭 시 사용되며 서버 내 모든 캐릭터에 사용 시점으로부터 30일간 혜택이 적용됩니다.{nl}[토큰 효과]{nl} - 특성 즉시 수련 가능{nl} - 마켓 판매 수수료율 감소(30%{img white_right_arrow 16 16}10%){nl} - 마켓 판매 등록 아이템 개수 5개{nl} - 캐릭터 이동속도 +3 증가{nl} - 몬스터 처치 시 경험치 +30% 증가{nl}(PC방 혜택, 경험의 서 효과와 중첩 가능){nl} - 프리미엄 제스쳐 사용 가능{nl} - 최대 버프 적용 개수 증가{nl} - 개인 거래 30회 가능{nl} - 개인 거래 횟수 30회{nl} - 미션,던전 1회 추가입장	ETC_20160320_021192	Accorde les avantages du Token à tous vos personnages du serveur pendant 30 jours. Clic droit pour utiliser.{nl}[Avantages du Token]{nl} - Permet d'apprendre jusqu'à 2 attributs simultanément{nl} - Commission du Marché réduite (30 % {img white_right_arrow 16 16} 10 %){nl} - Permet de mettre en vente jusqu'à 5 objets sur le Marché{nl} - +3 à la vitesse de déplacement du personnage{nl} - +30 % d'EXP en chassant les monstres{nl}(Se cumule avec l'effet des Tome d'XP){nl} - Permet d'utiliser les Gestes Premium{nl} - Augmente le nombre maximum de buffs{nl} - Permet d'utiliser le Commerce personnel jusqu'à 30 fois{nl} - 1 entrée d'instance supplémentaire pour les missions et donjons	마우스 우클릭 시 사용되며 서버 내 모든 캐릭터에 사용 시점으로부터 30일간 혜택이 적용됩니다.{nl}[토큰 효과]{nl} - 특성 스킬 2개 동시 수련 가능{nl} - 마켓 판매 수수료율 감소(30%{img white_right_arrow 16 16}10%){nl} - 마켓 판매 등록 아이템 개수 5개{nl} - 캐릭터 이동속도 +3 증가{nl} - 몬스터 처치 시 경험치 +30% 증가{nl}(PC방 혜택, 경험의 서 효과와 중첩 가능){nl} - 프리미엄 제스쳐 사용 가능{nl} - 최대 버프 적용 개수 증가{nl} - 개인 거래 30회 가능{nl} - 개인 거래 횟수 30회{nl} - 미션,던전 1회 추가입장	
INTL_20160425_000018	Applique les avantages Token à tous vos personnages sur le serveur pendant 60 jours. Clic droit pour utiliser.{nl}[Avantages Token]{nl} - Possibilité d'apprendre des attributs instantanément{nl} - Frais de commission du Marché réduits (30 % {img white_right_arrow 16 16} 10 %){nl} - Possibilité de mettre en vente jusqu'à 5 objets sur le Marché{nl} - +3 de déplacement du personnage{nl} - +30 % d'EXP en chassant des monstres{nl} - Possibilité d'utiliser les gestes Premium{nl} - Nombre maximum de bonus augmenté{nl} - Possibilité d'utiliser l'échange personnel jusqu'à 60 fois{nl} - 1 entrée d'instance supplémentaire pour les missions et donjons	마우스 우클릭 시 사용되며 서버 내 모든 캐릭터에 사용 시점으로부터 60일간 혜택이 적용됩니다.{nl}[토큰 효과]{nl} - 특성 스킬 즉시 수련 가능{nl} - 마켓 판매 수수료율 감소(30%{img white_right_arrow 16 16}10%){nl} - 마켓 판매 등록 아이템 개수 5개{nl} - 캐릭터 이동속도 +3 증가{nl} - 몬스터 처치 시 경험치 +30% 증가{nl}(PC방 혜택, 경험의 서 효과와 중첩 가능){nl} - 프리미엄 제스쳐 사용 가능{nl} - 최대 버프 적용 개수 증가{nl} - 개인 거래 60회 가능{nl} - 미션,던전 추가 1회 추가입장	ETC_20160320_021194	Accorde les avantages du Token à tous vos personnages du serveur pendant 30 jours. Clic droit pour utiliser.{nl}[Avantages du Token]{nl} - Permet d'apprendre jusqu'à 2 attributs simultanément{nl} - Commission du Marché réduite (30 % {img white_right_arrow 16 16} 10 %){nl} - Permet de mettre en vente jusqu'à 5 objets sur le Marché{nl} - +3 à la vitesse de déplacement du personnage{nl} - +30 % d'EXP en chassant les monstres{nl}(Se cumule avec l'effet des Tome d'XP){nl} - Permet d'utiliser les Gestes Premium{nl} - Augmente le nombre maximum de buffs{nl} - Permet d'utiliser le Commerce personnel jusqu'à 60 fois{nl} - 1 entrée d'instance supplémentaire pour les missions et donjons	마우스 우클릭 시 사용되며 서버 내 모든 캐릭터에 사용 시점으로부터 60일간 혜택이 적용됩니다.{nl}[토큰 효과]{nl} - 특성 스킬 2개 동시 수련 가능{nl} - 마켓 판매 수수료율 감소(30%{img white_right_arrow 16 16}10%){nl} - 마켓 판매 등록 아이템 개수 5개{nl} - 캐릭터 이동속도 +3 증가{nl} - 몬스터 처치 시 경험치 +30% 증가{nl}(PC방 혜택, 경험의 서 효과와 중첩 가능){nl} - 프리미엄 제스쳐 사용 가능{nl} - 최대 버프 적용 개수 증가{nl} - 개인 거래 60회 가능{nl} - 미션,던전 추가 1회 추가입장	
INTL_20160426_000019	Accorde les avantages Token à tous vos personnages sur le serveur pendant 60 jours. Clic droit pour utiliser.{nl}[Avantages Token]{nl} - Possibilité d'apprendre jusqu'à 2 attributs simultanément{nl} - Frais de commission du Marché réduits (30 % {img white_right_arrow 16 16} 10 %){nl} - Possibilité de mettre en vente jusqu'à 5 objets sur le Marché{nl} - +3 de vitesse de déplacement du personnage{nl} - +30 % d'EXP en chassant des monstres{nl}(Se cumule avec l'effet des Tome d'XP){nl} - Possibilité d'utiliser les gestes Premium{nl} - Nombre maximum de bonus augmenté{nl} - Possibilité d'utiliser l'échange personnel jusqu'à 60 fois{nl}	마우스 우클릭 시 사용되며 서버 내 모든 캐릭터에 사용 시점으로부터 60일간 혜택이 적용됩니다.{nl}[토큰 효과]{nl} - 특성 즉시 수련 가능{nl} - 마켓 판매 수수료율 감소(30%{img white_right_arrow 16 16}10%){nl} - 마켓 판매 등록 아이템 개수 9개{nl} - 캐릭터 이동속도 +3 증가{nl} - 몬스터 처치 시 경험치 +20% 증가{nl}(PC방 혜택, 경험의 서 효과와 중첩 가능){nl} - 프리미엄 제스쳐 사용 가능{nl} - 최대 버프 적용 개수 증가{nl} - 개인 거래 60회 가능	INTL_20160425_000016	Applique les avantages Token à tous vos personnages sur le serveur pendant 60 jours. Clic droit pour utiliser.{nl}[Avantages Token]{nl} - Possibilité d'apprendre des attributs instantanément{nl} - Frais de commission du Marché réduits (30 % {img white_right_arrow 16 16} 10 %){nl} - Possibilité de mettre en vente jusqu'à 5 objets sur le Marché{nl} - +3 de déplacement du personnage{nl} - +20 % d'EXP en chassant des monstres{nl} - Possibilité d'utiliser les gestes Premium{nl} - Nombre maximum de bonus augmenté{nl} - Possibilité d'utiliser l'échange personnel jusqu'à 60 fois	마우스 우클릭 시 사용되며 서버 내 모든 캐릭터에 사용 시점으로부터 60일간 혜택이 적용됩니다.{nl}[토큰 효과]{nl} - 특성 즉시 수련 가능{nl} - 마켓 판매 수수료율 감소(30%{img white_right_arrow 16 16}10%){nl} - 마켓 판매 등록 아이템 개수 5개{nl} - 캐릭터 이동속도 +3 증가{nl} - 몬스터 처치 시 경험치 +20% 증가{nl}(PC방 혜택, 경험의 서 효과와 중첩 가능){nl} - 프리미엄 제스쳐 사용 가능{nl} - 최대 버프 적용 개수 증가{nl} - 개인 거래 60회 가능	
INTL_20160426_000020	Applique les avantages du Token à tous vos personnages du serveur pendant 30 jours. Clic droit pour utiliser.{nl}[Avantages du Token]{nl} - Permet d'apprendre les attributs instantanément{nl} - Commission du Marché réduite (30 % {img white_right_arrow 16 16} 10 %){nl} - Permet de mettre en vente jusqu'à 10 objets sur le Marché{nl} - +3 à la vitesse de déplacement du personnage{nl} - +30 % d'EXP en chassant les monstres{nl} - Permet d'utiliser les Gestes Premium{nl} - Augmente le nombre maximum de buffs{nl} - Permet d'utiliser le Commerce personnel jusqu'à 30 fois{nl} - 1 entrée d'instance supplémentaire pour les missions et donjons	마우스 우클릭 시 사용되며 서버 내 모든 캐릭터에 사용 시점으로부터 30일간 혜택이 적용됩니다.{nl}[토큰 효과]{nl} - 특성 즉시 수련 가능{nl} - 마켓 판매 수수료율 감소(30%{img white_right_arrow 16 16}10%){nl} - 마켓 판매 등록 아이템 개수 9개{nl} - 캐릭터 이동속도 +3 증가{nl} - 몬스터 처치 시 경험치 +30% 증가{nl}(PC방 혜택, 경험의 서 효과와 중첩 가능){nl} - 프리미엄 제스쳐 사용 가능{nl} - 최대 버프 적용 개수 증가{nl} - 개인 거래 30회 가능{nl} - 개인 거래 횟수 30회{nl} - 미션,던전 1회 추가입장	INTL_20160425_000017	Applique les avantages du Token à tous vos personnages du serveur pendant 30 jours. Clic droit pour utiliser.{nl}[Avantages du Token]{nl} - Permet d'apprendre les attributs instantanément{nl} - Commission du Marché réduite (30 % {img white_right_arrow 16 16} 10 %){nl} - Permet de mettre en vente jusqu'à 5 objets sur le Marché{nl} - +3 à la vitesse de déplacement du personnage{nl} - +30 % d'EXP en chassant les monstres{nl} - Permet d'utiliser les Gestes Premium{nl} - Augmente le nombre maximum de buffs{nl} - Permet d'utiliser le Commerce personnel jusqu'à 30 fois{nl} - 1 entrée d'instance supplémentaire pour les missions et donjons	마우스 우클릭 시 사용되며 서버 내 모든 캐릭터에 사용 시점으로부터 30일간 혜택이 적용됩니다.{nl}[토큰 효과]{nl} - 특성 즉시 수련 가능{nl} - 마켓 판매 수수료율 감소(30%{img white_right_arrow 16 16}10%){nl} - 마켓 판매 등록 아이템 개수 5개{nl} - 캐릭터 이동속도 +3 증가{nl} - 몬스터 처치 시 경험치 +30% 증가{nl}(PC방 혜택, 경험의 서 효과와 중첩 가능){nl} - 프리미엄 제스쳐 사용 가능{nl} - 최대 버프 적용 개수 증가{nl} - 개인 거래 30회 가능{nl} - 개인 거래 횟수 30회{nl} - 미션,던전 1회 추가입장	
INTL_20160426_000021	Accorde les avantages Token à tous vos personnages sur le serveur pendant 60 jours. Clic droit pour utiliser.{nl}[Avantages Token]{nl} - Possibilité d'apprendre jusqu'à 2 attributs simultanément{nl} - Frais de commission du Marché réduits (30 % {img white_right_arrow 16 16} 10 %){nl} - Possibilité de mettre en vente jusqu'à 10 objets sur le Marché{nl} - +3 de vitesse de déplacement du personnage{nl} - +30 % d'EXP en chassant des monstres{nl}(Se cumule avec l'effet des Tome d'XP){nl} - Possibilité d'utiliser les gestes Premium{nl} - Nombre maximum de bonus augmenté{nl} - Possibilité d'utiliser l'échange personnel jusqu'à 60 fois{nl} - 1 entrée d'instance supplémentaire pour les missions et donjons	마우스 우클릭 시 사용되며 서버 내 모든 캐릭터에 사용 시점으로부터 60일간 혜택이 적용됩니다.{nl}[토큰 효과]{nl} - 특성 스킬 즉시 수련 가능{nl} - 마켓 판매 수수료율 감소(30%{img white_right_arrow 16 16}10%){nl} - 마켓 판매 등록 아이템 개수 9개{nl} - 캐릭터 이동속도 +3 증가{nl} - 몬스터 처치 시 경험치 +30% 증가{nl}(PC방 혜택, 경험의 서 효과와 중첩 가능){nl} - 프리미엄 제스쳐 사용 가능{nl} - 최대 버프 적용 개수 증가{nl} - 개인 거래 60회 가능{nl} - 미션,던전 추가 1회 추가입장	INTL_20160425_000018	Applique les avantages Token à tous vos personnages sur le serveur pendant 60 jours. Clic droit pour utiliser.{nl}[Avantages Token]{nl} - Possibilité d'apprendre des attributs instantanément{nl} - Frais de commission du Marché réduits (30 % {img white_right_arrow 16 16} 10 %){nl} - Possibilité de mettre en vente jusqu'à 5 objets sur le Marché{nl} - +3 de déplacement du personnage{nl} - +30 % d'EXP en chassant des monstres{nl} - Possibilité d'utiliser les gestes Premium{nl} - Nombre maximum de bonus augmenté{nl} - Possibilité d'utiliser l'échange personnel jusqu'à 60 fois{nl} - 1 entrée d'instance supplémentaire pour les missions et donjons	마우스 우클릭 시 사용되며 서버 내 모든 캐릭터에 사용 시점으로부터 60일간 혜택이 적용됩니다.{nl}[토큰 효과]{nl} - 특성 스킬 즉시 수련 가능{nl} - 마켓 판매 수수료율 감소(30%{img white_right_arrow 16 16}10%){nl} - 마켓 판매 등록 아이템 개수 5개{nl} - 캐릭터 이동속도 +3 증가{nl} - 몬스터 처치 시 경험치 +30% 증가{nl}(PC방 혜택, 경험의 서 효과와 중첩 가능){nl} - 프리미엄 제스쳐 사용 가능{nl} - 최대 버프 적용 개수 증가{nl} - 개인 거래 60회 가능{nl} - 미션,던전 추가 1회 추가입장	
INTL_20160512_000022	Utilisez pour obtenir les objets suivants :{nl} - 190 TP{nl} - Token : 15 jours{nl} - 20x PV hautement concentrés & Potion de PM{nl} - 15x Cristal d'âme{nl} - 15x Mégaphone{nl} - 15x Parchemin de téléportation{nl}	마우스 우클릭 시 사용되며 구성물을 획득할 수 있습니다.{nl} - 190 TP{nl} - 토큰 - 증정용 (15일){nl} - 고농축 HP/SP포션 20개{nl} - 소울크리스탈 15개{nl} - 확성기 15개{nl} - 워프주문서 15개{nl}				
INTL_20160512_000023	Utilisez pour obtenir 190 TP.	사용 시 190 TP를 획득합니다.				
INTL_20160512_000024	Utilisez pour obtenir les objets{nl}suivants :{nl} - Token : 30 jours{nl} - 4x Parchemin d'enchantement{nl} - 5x Bon de réinitialisation de donjon{nl}instancié{nl}	마우스 우클릭 시 사용되며 구성물을 획득할 수 있습니다.{nl} - 토큰 (30일){nl} - 마법 부여 스크롤 X 4{nl} - 인던 입장 횟수 초기화권 X 5{nl}				
INTL_20160728_000025	Applique les avantages du Token à tous vos personnages du serveur pendant 30 jours. Clic droit pour utiliser.{nl}[Avantages du Token]{nl} - Permet d'apprendre les attributs instantanément{nl} - Commission du Marché réduite (30 % {img white_right_arrow 16 16} 10 %){nl} - Permet de mettre en vente jusqu'à 10 objets sur le Marché{nl} - +3 à la vitesse de déplacement du personnage{nl} - +30 % d'EXP en chassant les monstres{nl} - Permet d'utiliser les Gestes Premium{nl} - Augmente le nombre maximum de buffs{nl} - Permet d'utiliser le Commerce personnel jusqu'à 30 fois{nl} - 1 entrée d'instance supplémentaire pour les missions et donjons	마우스 우클릭 시 사용되며 서버 내 모든 캐릭터에 사용 시점으로부터 30일간 혜택이 적용됩니다.{nl}[토큰 효과]{nl} - 특성 스킬 2개 동시 수련 가능{nl} - 마켓 판매 수수료율 감소(30%{img white_right_arrow 16 16}10%){nl} - 마켓 판매 등록 아이템 개수 9개{nl} - 캐릭터 이동속도 +3 증가{nl} - 몬스터 처치 시 경험치 +30% 증가{nl}(PC방 혜택, 경험의 서 효과와 중첩 가능){nl} - 프리미엄 제스쳐 사용 가능{nl} - 개인 거래 30회 가능{nl} - 개인 거래 횟수 30회{nl} - 미션,던전 1회 추가입장				
INTL_20160728_000026	Applique les avantages Token à tous vos personnages sur le serveur pendant 60 jours. Clic droit pour utiliser.{nl}[Avantages Token]{nl} - Possibilité d'apprendre des attributs instantanément{nl} - Frais de commission du Marché réduits (30 % {img white_right_arrow 16 16} 10 %){nl} - Possibilité de mettre en vente jusqu'à 10 objets sur le Marché{nl} - +3 de déplacement du personnage{nl} - +30 % d'EXP en chassant des monstres{nl} - Possibilité d'utiliser les gestes Premium{nl} - Nombre maximum de bonus augmenté{nl} - Possibilité d'utiliser l'échange personnel jusqu'à 60 fois{nl} - 1 entrée d'instance supplémentaire pour les missions et donjons	마우스 우클릭 시 사용되며 서버 내 모든 캐릭터에 사용 시점으로부터 60일간 혜택이 적용됩니다.{nl}[토큰 효과]{nl} - 특성 즉시 수련 가능{nl} - 마켓 판매 수수료율 감소(30%{img white_right_arrow 16 16}10%){nl} - 마켓 판매 등록 아이템 개수 9개{nl} - 캐릭터 이동속도 +3 증가{nl} - 몬스터 처치 시 경험치 +30% 증가{nl}(PC방 혜택, 경험의 서 효과와 중첩 가능){nl} - 프리미엄 제스쳐 사용 가능{nl} - 최대 버프 적용 개수 증가{nl} - 개인 거래 60회 가능{nl} - 미션,던전 1회 추가입장	INTL_20160426_000019	Accorde les avantages Token à tous vos personnages sur le serveur pendant 60 jours. Clic droit pour utiliser.{nl}[Avantages Token]{nl} - Possibilité d'apprendre jusqu'à 2 attributs simultanément{nl} - Frais de commission du Marché réduits (30 % {img white_right_arrow 16 16} 10 %){nl} - Possibilité de mettre en vente jusqu'à 5 objets sur le Marché{nl} - +3 de vitesse de déplacement du personnage{nl} - +30 % d'EXP en chassant des monstres{nl}(Se cumule avec l'effet des Tome d'XP){nl} - Possibilité d'utiliser les gestes Premium{nl} - Nombre maximum de bonus augmenté{nl} - Possibilité d'utiliser l'échange personnel jusqu'à 60 fois{nl}	마우스 우클릭 시 사용되며 서버 내 모든 캐릭터에 사용 시점으로부터 60일간 혜택이 적용됩니다.{nl}[토큰 효과]{nl} - 특성 즉시 수련 가능{nl} - 마켓 판매 수수료율 감소(30%{img white_right_arrow 16 16}10%){nl} - 마켓 판매 등록 아이템 개수 9개{nl} - 캐릭터 이동속도 +3 증가{nl} - 몬스터 처치 시 경험치 +20% 증가{nl}(PC방 혜택, 경험의 서 효과와 중첩 가능){nl} - 프리미엄 제스쳐 사용 가능{nl} - 최대 버프 적용 개수 증가{nl} - 개인 거래 60회 가능	
INTL_20160728_000027	Applique les avantages du Token à tous vos personnages du serveur pendant 30 jours. Clic droit pour utiliser.{nl}[Avantages du Token]{nl} - Permet d'apprendre les attributs instantanément{nl} - Commission du Marché réduite (30 % {img white_right_arrow 16 16} 10 %){nl} - Permet de mettre en vente jusqu'à 10 objets sur le Marché{nl} - +3 à la vitesse de déplacement du personnage{nl} - +30 % d'EXP en chassant les monstres{nl} - Permet d'utiliser les Gestes Premium{nl} - Augmente le nombre maximum de buffs{nl} - Permet d'utiliser le Commerce personnel jusqu'à 30 fois{nl} - 1 entrée d'instance supplémentaire pour les missions et donjons	마우스 우클릭 시 사용되며 서버 내 모든 캐릭터에 사용 시점으로부터 30일간 혜택이 적용됩니다.{nl}[토큰 효과]{nl} - 특성 즉시 수련 가능{nl} - 마켓 판매 수수료율 감소(30%{img white_right_arrow 16 16}10%){nl} - 마켓 판매 등록 아이템 개수 9개{nl} - 캐릭터 이동속도 +3 증가{nl} - 몬스터 처치 시 경험치 +30% 증가{nl}(PC방 혜택, 경험의 서 효과와 중첩 가능){nl} - 프리미엄 제스쳐 사용 가능{nl} - 최대 버프 적용 개수 증가{nl} - 개인 거래 30회 가능{nl} - 미션,던전 1회 추가입장	INTL_20160426_000020	Applique les avantages du Token à tous vos personnages du serveur pendant 30 jours. Clic droit pour utiliser.{nl}[Avantages du Token]{nl} - Permet d'apprendre les attributs instantanément{nl} - Commission du Marché réduite (30 % {img white_right_arrow 16 16} 10 %){nl} - Permet de mettre en vente jusqu'à 10 objets sur le Marché{nl} - +3 à la vitesse de déplacement du personnage{nl} - +30 % d'EXP en chassant les monstres{nl} - Permet d'utiliser les Gestes Premium{nl} - Augmente le nombre maximum de buffs{nl} - Permet d'utiliser le Commerce personnel jusqu'à 30 fois{nl} - 1 entrée d'instance supplémentaire pour les missions et donjons	마우스 우클릭 시 사용되며 서버 내 모든 캐릭터에 사용 시점으로부터 30일간 혜택이 적용됩니다.{nl}[토큰 효과]{nl} - 특성 즉시 수련 가능{nl} - 마켓 판매 수수료율 감소(30%{img white_right_arrow 16 16}10%){nl} - 마켓 판매 등록 아이템 개수 9개{nl} - 캐릭터 이동속도 +3 증가{nl} - 몬스터 처치 시 경험치 +30% 증가{nl}(PC방 혜택, 경험의 서 효과와 중첩 가능){nl} - 프리미엄 제스쳐 사용 가능{nl} - 최대 버프 적용 개수 증가{nl} - 개인 거래 30회 가능{nl} - 개인 거래 횟수 30회{nl} - 미션,던전 1회 추가입장	
INTL_20160728_000028	Applique les avantages Token à tous vos personnages sur le serveur pendant 7 jours. Clic droit pour utiliser.{nl}[Avantages Token]{nl} - Possibilité d'apprendre des attributs instantanément{nl} - Frais de commission du Marché réduits (30 % {img white_right_arrow 16 16} 10 %){nl} - Possibilité de mettre en vente jusqu'à 10 objets sur le Marché{nl} - +3 de déplacement du personnage{nl} - +30 % d'EXP en chassant des monstres{nl} - Possibilité d'utiliser les gestes Premium{nl} - Nombre maximum de bonus augmenté{nl} - 1 entrée d'instance supplémentaire pour les missions et donjons	마우스 우클릭 시 사용되며 서버 내 모든 캐릭터에 사용 시점으로부터 7일간 혜택이 적용됩니다.{nl}[토큰 효과]{nl} - 특성 즉시 수련 가능{nl} - 마켓 판매 수수료율 감소(30%{img white_right_arrow 16 16}10%){nl} - 마켓 판매 등록 아이템 개수 9개{nl} - 캐릭터 이동속도 +3 증가{nl} - 몬스터 처치 시 경험치 +30% 증가{nl}(PC방 혜택, 경험의 서 효과와 중첩 가능){nl} - 프리미엄 제스쳐 사용 가능{nl} - 최대 버프 적용 개수 증가{nl} - 미션,던전 1회 추가입장				
INTL_20161107_000029	Clic droit pour obtenir les objets suivants :{nl} - 150x Potion de PV hautement enrichie {nl} -  150x Potion de PM hautement enrichie {nl}- 20x Boulette au miel {nl}- 20x Potion de soutien de colonie{nl}- 10x Bon de nettoyage d'instance {img star_mark 20 20}{nl}- 20x Cristal d'âme{nl} - 30x Parchemin de téléportation {nl}- 10x Parchemin d'enchantement{nl} - 1x Potion de réinitialisation de Skills{nl}- 1x Potion de réinitialisation de stats	마우스 우클릭 시 사용되며 구성물을 획득할 수 있습니다.{nl} - 고농축 HP포션 150개{nl} - 고농축 SP포션 150개{nl} - 대왕꿀송편 20개{nl}- 정착지원 포션 20개{nl}- 인스턴스 던전 소탕권 [★] 10개{nl}- 소울 크리스탈 20개{nl}- 워프주문서 30개{nl}- 마부스크롤 10개{nl}- 스킬 초기화 포션 1개{nl}- 스탯 초기화 포션 1개				
INTL_20161114_000030	Délai de paiement de l'argent des ventes du Marché : 24 heures.	마켓 판매 실버대금 딜레이 24시간.				
INTL_20161114_000031	Délai de paiement de l'argent des ventes avec Token : 1 heure.	토큰전용 판매실버대금 1시간.				
INTL_20161114_000032	Délai de paiement de l'argent des ventes avec Token : 24 heures.	토큰전용 판매실버대금 24시간.	INTL_20161114_000031	Délai de paiement de l'argent des ventes avec Token : 1 heure.	토큰전용 판매실버대금 1시간.	
INTL_20161121_000033	Clic droit pour obtenir les objets suivants :{nl} - 100x Potion de PV hautement condensée {nl} -  100x Potion de PM hautement condensée {nl}- 10x Boulette au miel {nl}- 10x Potion de soutien de colonie{nl}- 5x Bon de complétion instanciée {img star_mark 20 20}{nl} - 1x Potion de réinitialisation de Skills{nl}- 1x Potion de réinitialisation de stats	마우스 우클릭 시 사용되며 구성물을 획득할 수 있습니다.{nl} - 고농축 HP포션 100개{nl} - 고농축 SP포션 100개{nl} - 대왕꿀송편 10개{nl}- 정착지원 포션 10개{nl}- 인스턴스 던전 소탕권 [★] 5개{nl}- 스킬 초기화 포션 1개{nl}- 스탯 초기화 포션 1개				
INTL_20161214_000034	Les utilisateurs de Token ne sont pas affectés.	토큰 사용자는 상/하안가에 영향을 받지 않는다.				
INTL_20161214_000035	Le jeton sera-t-il échangeable après une transaction au marché ? (1 : échangeable, 0 : non échangeable)	토큰은 마켓에서 거래한 이후에도 계속 거래 가능하게 할 것인가?(1:거래가능, 0:거래불가)				
INTL_20170510_000036	Clic droit pour obtenir les objets suivants :{nl} - Token : 7 jours [Événement]{nl} - Parchemin d'enchantement (14 jours) x10{nl} - Émote Plus: Popolion{nl}- Coffre de costume simple{nl}- Éventail impérial (30 jours){nl} - Béret rouge{nl} - Teinture saumon clair{nl} - Lentilles de contact cramoisies{nl} - Niv2 Potion de soutien de colonie x10{nl} -Potion de restauration Keista niv2 x20	마우스 우클릭 시 사용되며 구성물을 획득할 수 있습니다.{nl} - 토큰:7일[증정용]{nl} - 마법 부여 스크롤(14일) 10개{nl} - 이모티콘 플러스 패키지 : 포포리온{nl}- 심플 코스튬 상자{nl}- 파초선(30일){nl} - 붉은 베레모{nl} - 라이트 살몬 염색약{nl} - 크림슨 렌즈{nl} - 정착 지원 포션 Lv2 10개{nl} - 케이스타스 회복포션Lv2 20개				
INTL_20170605_000037	Une couronne créée au nom d'une reine sans nom.{nl} Échangeable contre des médailles à la Boutique d'échange.	이름없는 여왕을 위해서 제작된 왕관입니다.{nl} 리사이클샵에서 메달로 교환 가능합니다.				
INTL_20170605_000038	Un outil fait d'un long matériau élastique qui, une fois mis en effort, produit de la puissance en tournant.{nl} Échangeable contre des médailles à la Boutique d'échange.	축을 중심으로 돌려서 길다란 고탄성 소재를 감은뒤 그것이 돌아가는 힘을 이용해 동력을 만들어내는 장치입니다.{nl}리사이클샵에서 메달로 교환 가능합니다.				
INTL_20170605_000039	Un outil utilisé pour cuire du pain rapidement.{nl} Échangeable contre des médailles à la Boutique d'échange.	쉽게 빠르게 빵을 굽는 도구입니다.{nl} 리사이클샵에서 메달로 교환 가능합니다.				
INTL_20170605_000040	Le moyen le plus avancé de transmettre des informations.{nl} Échangeable contre des médailles à la Boutique d'échange.	정보를 전달하는 이 세계의 최신 기술입니다.{nl} 리사이클샵에서 메달로 교환 가능합니다.				
INTL_20170703_000041	Oui, il est possible de tourner la tête d'environ 270 degrés !{nl}Échangeable contre des médailles à la Boutique d'échange.	고개를 약 270도 까지 돌리는 것이 가능합니다.{nl} 리사이클샵에서 메달로 교환 가능합니다.				
INTL_20170703_000042	Une petite figurine sculptée par un Dievdirbys.{nl}Échangeable contre des médailles à la Boutique d'échange.	딥디르비가 만든 착용 가능한 세계수 조각 머리 장식입니다.{nl} 리사이클샵에서 메달로 교환 가능합니다.				
INTL_20170728_000043	SPARTAAAAA !!!{nl}Échangeable contre des médailles à la Boutique d'échange.	스파르타!!!!!{nl} 리사이클샵에서 메달로 교환 가능합니다.				
INTL_20170925_000044	Applique les avantages du Token à tous vos personnages du serveur pendant 30 jours. Clic droit pour utiliser.{nl}[Avantages du Token]{nl} - Permet d'apprendre les attributs instantanément{nl} - Commission du Marché réduite (30 % {img white_right_arrow 16 16} 10 %){nl} - Permet de mettre en vente jusqu'à 10 objets sur le Marché{nl} - +3 à la vitesse de déplacement du personnage{nl} - +30 % d'EXP en chassant les monstres{nl} - Permet d'utiliser les Gestes Premium{nl} - Augmente le nombre maximum de buffs{nl} - Permet d'utiliser le Commerce personnel jusqu'à 30 fois{nl} - 1 entrée d'instance supplémentaire pour les missions et donjons	마우스 우클릭 시 사용되며 서버 내 모든 캐릭터에 사용 시점으로부터 30일간 혜택이 적용됩니다.{nl}[토큰 효과]{nl} - 특성 스킬 2개 동시 수련 가능{nl} - 마켓 판매 수수료율 감소(30%{img white_right_arrow 16 16}10%){nl} - 마켓 판매 등록 아이템 개수 9개{nl} - 캐릭터 이동속도 +3 증가{nl} - 몬스터 처치 시 경험치 +30% 증가{nl}(PC방 혜택, 경험의 서 효과와 중첩 가능){nl} - 프리미엄 제스쳐 사용 가능{nl} - 개인 거래 30회 가능{nl} - 미션,던전 1회 추가입장{nl} - 살러스 수녀원 미션 완료 보상 +1	INTL_20160728_000025	Applique les avantages du Token à tous vos personnages du serveur pendant 30 jours. Clic droit pour utiliser.{nl}[Avantages du Token]{nl} - Permet d'apprendre les attributs instantanément{nl} - Commission du Marché réduite (30 % {img white_right_arrow 16 16} 10 %){nl} - Permet de mettre en vente jusqu'à 10 objets sur le Marché{nl} - +3 à la vitesse de déplacement du personnage{nl} - +30 % d'EXP en chassant les monstres{nl} - Permet d'utiliser les Gestes Premium{nl} - Augmente le nombre maximum de buffs{nl} - Permet d'utiliser le Commerce personnel jusqu'à 30 fois{nl} - 1 entrée d'instance supplémentaire pour les missions et donjons	마우스 우클릭 시 사용되며 서버 내 모든 캐릭터에 사용 시점으로부터 30일간 혜택이 적용됩니다.{nl}[토큰 효과]{nl} - 특성 스킬 2개 동시 수련 가능{nl} - 마켓 판매 수수료율 감소(30%{img white_right_arrow 16 16}10%){nl} - 마켓 판매 등록 아이템 개수 9개{nl} - 캐릭터 이동속도 +3 증가{nl} - 몬스터 처치 시 경험치 +30% 증가{nl}(PC방 혜택, 경험의 서 효과와 중첩 가능){nl} - 프리미엄 제스쳐 사용 가능{nl} - 개인 거래 30회 가능{nl} - 개인 거래 횟수 30회{nl} - 미션,던전 1회 추가입장	
INTL_20170925_000045	Applique les avantages du Token à tous vos personnages du serveur pendant 30 jours. Clic droit pour utiliser.{nl}[Avantages du Token]{nl} - Permet d'apprendre les attributs instantanément{nl} - Commission du Marché réduite (30 % {img white_right_arrow 16 16} 10 %){nl} - Permet de mettre en vente jusqu'à 10 objets sur le Marché{nl} - +3 à la vitesse de déplacement du personnage{nl} - +30 % d'EXP en chassant les monstres{nl} - Permet d'utiliser les Gestes Premium{nl} - Augmente le nombre maximum de buffs{nl} - Permet d'utiliser le Commerce personnel jusqu'à 30 fois{nl} - 1 entrée d'instance supplémentaire pour les missions et donjons	마우스 우클릭 시 사용되며 서버 내 모든 캐릭터에 사용 시점으로부터 30일간 혜택이 적용됩니다.{nl}[토큰 효과]{nl} - 특성 즉시 수련 가능{nl} - 마켓 판매 수수료율 감소(30%{img white_right_arrow 16 16}10%){nl} - 마켓 판매 등록 아이템 개수 9개{nl} - 캐릭터 이동속도 +3 증가{nl} - 몬스터 처치 시 경험치 +30% 증가{nl}(PC방 혜택, 경험의 서 효과와 중첩 가능){nl} - 프리미엄 제스쳐 사용 가능{nl} - 최대 버프 적용 개수 증가{nl} - 개인 거래 30회 가능{nl} - 미션,던전 1회 추가입장{nl} - 살러스 수녀원 미션 완료 보상 +1	INTL_20160728_000027	Applique les avantages du Token à tous vos personnages du serveur pendant 30 jours. Clic droit pour utiliser.{nl}[Avantages du Token]{nl} - Permet d'apprendre les attributs instantanément{nl} - Commission du Marché réduite (30 % {img white_right_arrow 16 16} 10 %){nl} - Permet de mettre en vente jusqu'à 10 objets sur le Marché{nl} - +3 à la vitesse de déplacement du personnage{nl} - +30 % d'EXP en chassant les monstres{nl} - Permet d'utiliser les Gestes Premium{nl} - Augmente le nombre maximum de buffs{nl} - Permet d'utiliser le Commerce personnel jusqu'à 30 fois{nl} - 1 entrée d'instance supplémentaire pour les missions et donjons	마우스 우클릭 시 사용되며 서버 내 모든 캐릭터에 사용 시점으로부터 30일간 혜택이 적용됩니다.{nl}[토큰 효과]{nl} - 특성 즉시 수련 가능{nl} - 마켓 판매 수수료율 감소(30%{img white_right_arrow 16 16}10%){nl} - 마켓 판매 등록 아이템 개수 9개{nl} - 캐릭터 이동속도 +3 증가{nl} - 몬스터 처치 시 경험치 +30% 증가{nl}(PC방 혜택, 경험의 서 효과와 중첩 가능){nl} - 프리미엄 제스쳐 사용 가능{nl} - 최대 버프 적용 개수 증가{nl} - 개인 거래 30회 가능{nl} - 미션,던전 1회 추가입장	
INTL_20170925_000046	Accorde les avantages Token à tous vos personnages sur le serveur pendant 60 jours. Clic droit pour utiliser.{nl}[Avantages Token]{nl} - Possibilité d'apprendre jusqu'à 2 attributs simultanément{nl} - Frais de commission du Marché réduits (30 % {img white_right_arrow 16 16} 10 %){nl} - Possibilité de mettre en vente jusqu'à 10 objets sur le Marché{nl} - +3 de vitesse de déplacement du personnage{nl} - +30 % d'EXP en chassant des monstres{nl}(Se cumule avec l'effet des Tome d'XP){nl} - Possibilité d'utiliser les gestes Premium{nl} - Nombre maximum de bonus augmenté{nl} - Possibilité d'utiliser l'échange personnel jusqu'à 60 fois{nl} - 1 entrée d'instance supplémentaire pour les missions et donjons	마우스 우클릭 시 사용되며 서버 내 모든 캐릭터에 사용 시점으로부터 60일간 혜택이 적용됩니다.{nl}[토큰 효과]{nl} - 특성 스킬 즉시 수련 가능{nl} - 마켓 판매 수수료율 감소(30%{img white_right_arrow 16 16}10%){nl} - 마켓 판매 등록 아이템 개수 9개{nl} - 캐릭터 이동속도 +3 증가{nl} - 몬스터 처치 시 경험치 +30% 증가{nl}(PC방 혜택, 경험의 서 효과와 중첩 가능){nl} - 프리미엄 제스쳐 사용 가능{nl} - 최대 버프 적용 개수 증가{nl} - 개인 거래 60회 가능{nl} - 미션,던전 추가 1회 추가입장{nl} - 살러스 수녀원 미션 완료 보상 +1	INTL_20160426_000021	Accorde les avantages Token à tous vos personnages sur le serveur pendant 60 jours. Clic droit pour utiliser.{nl}[Avantages Token]{nl} - Possibilité d'apprendre jusqu'à 2 attributs simultanément{nl} - Frais de commission du Marché réduits (30 % {img white_right_arrow 16 16} 10 %){nl} - Possibilité de mettre en vente jusqu'à 10 objets sur le Marché{nl} - +3 de vitesse de déplacement du personnage{nl} - +30 % d'EXP en chassant des monstres{nl}(Se cumule avec l'effet des Tome d'XP){nl} - Possibilité d'utiliser les gestes Premium{nl} - Nombre maximum de bonus augmenté{nl} - Possibilité d'utiliser l'échange personnel jusqu'à 60 fois{nl} - 1 entrée d'instance supplémentaire pour les missions et donjons	마우스 우클릭 시 사용되며 서버 내 모든 캐릭터에 사용 시점으로부터 60일간 혜택이 적용됩니다.{nl}[토큰 효과]{nl} - 특성 스킬 즉시 수련 가능{nl} - 마켓 판매 수수료율 감소(30%{img white_right_arrow 16 16}10%){nl} - 마켓 판매 등록 아이템 개수 9개{nl} - 캐릭터 이동속도 +3 증가{nl} - 몬스터 처치 시 경험치 +30% 증가{nl}(PC방 혜택, 경험의 서 효과와 중첩 가능){nl} - 프리미엄 제스쳐 사용 가능{nl} - 최대 버프 적용 개수 증가{nl} - 개인 거래 60회 가능{nl} - 미션,던전 추가 1회 추가입장	
INTL_20170925_000047	Applique les avantages Token à tous vos personnages sur le serveur pendant 7 jours. Clic droit pour utiliser.{nl}[Avantages Token]{nl} - Possibilité d'apprendre des attributs instantanément{nl} - Frais de commission du Marché réduits (30 % {img white_right_arrow 16 16} 10 %){nl} - Possibilité de mettre en vente jusqu'à 10 objets sur le Marché{nl} - +3 de déplacement du personnage{nl} - +30 % d'EXP en chassant des monstres{nl} - Possibilité d'utiliser les gestes Premium{nl} - Nombre maximum de bonus augmenté{nl} - 1 entrée d'instance supplémentaire pour les missions et donjons	마우스 우클릭 시 사용되며 서버 내 모든 캐릭터에 사용 시점으로부터 7일간 혜택이 적용됩니다.{nl}[토큰 효과]{nl} - 특성 즉시 수련 가능{nl} - 마켓 판매 수수료율 감소(30%{img white_right_arrow 16 16}10%){nl} - 마켓 판매 등록 아이템 개수 9개{nl} - 캐릭터 이동속도 +3 증가{nl} - 몬스터 처치 시 경험치 +30% 증가{nl}(PC방 혜택, 경험의 서 효과와 중첩 가능){nl} - 프리미엄 제스쳐 사용 가능{nl} - 최대 버프 적용 개수 증가{nl} - 미션,던전 1회 추가입장{nl} - 살러스 수녀원 미션 완료 보상 +1	INTL_20160728_000028	Applique les avantages Token à tous vos personnages sur le serveur pendant 7 jours. Clic droit pour utiliser.{nl}[Avantages Token]{nl} - Possibilité d'apprendre des attributs instantanément{nl} - Frais de commission du Marché réduits (30 % {img white_right_arrow 16 16} 10 %){nl} - Possibilité de mettre en vente jusqu'à 10 objets sur le Marché{nl} - +3 de déplacement du personnage{nl} - +30 % d'EXP en chassant des monstres{nl} - Possibilité d'utiliser les gestes Premium{nl} - Nombre maximum de bonus augmenté{nl} - 1 entrée d'instance supplémentaire pour les missions et donjons	마우스 우클릭 시 사용되며 서버 내 모든 캐릭터에 사용 시점으로부터 7일간 혜택이 적용됩니다.{nl}[토큰 효과]{nl} - 특성 즉시 수련 가능{nl} - 마켓 판매 수수료율 감소(30%{img white_right_arrow 16 16}10%){nl} - 마켓 판매 등록 아이템 개수 9개{nl} - 캐릭터 이동속도 +3 증가{nl} - 몬스터 처치 시 경험치 +30% 증가{nl}(PC방 혜택, 경험의 서 효과와 중첩 가능){nl} - 프리미엄 제스쳐 사용 가능{nl} - 최대 버프 적용 개수 증가{nl} - 미션,던전 1회 추가입장	
INTL_20171013_000048	Parchemin de Transformation Spéciale	특별한 변신 스크롤				
INTL_20171013_000049	Un parchemin permettant à son utilisateur de se transformer.	변신하는 스크롤입니다.				
INTL_20171013_000050	Utilisez pour sélectionner une arme de niveau 315.	315제 무기 장비를 선택할 수 있습니다.				
INTL_20171023_000051	Clic droit pour obtenir les objets suivants.{nl}- Ballon chiot x1{nl}- Enclume de diamant x1{nl}- Enclume dorée x3{nl}- Enclume d'argent x3{nl}- Coupon d'amélioration : 100 000 Argent x10{nl}- Points d'attribut : 1 000 x1{nl}- Potion de PV hautement condensée x20{nl}- Potion de PM hautement condensée x20{nl}- Niv2 Potion de soutien de colonie x10{nl}- Statue de la Déesse x5{nl}- Potion de vitesse de déplacement hautement condensée x5	마우스 우클릭 시 사용되며 구성물을 획득할 수 있습니다.{nl} - 강아지 풍선{nl} - 다이아몬드 모루{nl} - 황금 모루 3개{nl}- 은빛 모루 3개{nl}- 강화 실버 할인 쿠폰 : 10만 실버 10개{nl} - 특성 포인트 1,000{nl} - 고농축 HP포션 20개{nl} - 고농축 SP포션 20개{nl} - 정착 지원 포션 Lv2 10개{nl} - 여신의 조각상 5개{nl} - 고농축 이동속도 증가 포션 5개				
INTL_20171103_000052	Cube de Poupée Maudite	생존 보상 큐브				
INTL_20171205_000053	- Possibilité d'apprendre des attributs{nl}instantanément{nl} - Frais de commission du Marché réduits (30 %{nl}{img white_right_arrow 16 16} 10 %){nl} - Possibilité de mettre en vente jusqu'à 10{nl}objets sur le Marché{nl} - +3 de déplacement du personnage{nl} - Une entrée supplémentaire pour les missions{nl}et donjons	 - 특성 즉시 수련 가능{nl} - 마켓 판매 수수료율 감소(30%{img white_right_arrow 16 16}10%){nl} - 마켓 판매 등록 아이템 개수 10개{nl} - 캐릭터 이동속도 +3{nl} - 미션,던전 1회 추가입장{nl} - 프리미엄 제스쳐 사용 가능{nl}	INTL_20160323_000004	- Possibilité d'apprendre jusqu'à 2 attributs{nl}simultanément{nl} - Frais de commission du Marché réduits (30 %{nl}{img white_right_arrow 16 16} 10 %){nl} - Possibilité de mettre en vente jusqu'à 5{nl}objets sur le Marché{nl} - +3 de vitesse de déplacement du personnage{nl} - Échange possible jusqu'à 30 fois seulement{nl}	- 특성 스킬 2개 동시 수련 가능{nl} - 마켓 판매 수수료율 감소(30%{img white_right_arrow 16 16}10%){nl} - 마켓 판매 등록 아이템 개수 5개{nl} - 캐릭터 이동속도 +3{nl} - 미션,던전 1회 추가입장{nl} - 최대 버프 적용 개수 증가{nl} - 프리미엄 제스쳐 사용 가능{nl}	
INTL_20171205_000054	Accorde les avantages Token à tous vos personnages sur le serveur pendant 30 jours. Consultez le temps restant dans les infos du personnage.{nl}[Avantages Token]{nl} - Possibilité d'apprendre des attributs instantanément{nl} - Frais de commission du Marché réduits (30 % {img white_right_arrow 16 16} 10 %){nl} - Possibilité de mettre en vente jusqu'à 10 objets sur le Marché{nl} - Possibilité d'enregistrer des objets sur le Marché en dehors des limites de prix min./max.{nl} - Possibilité de récupérer instantanément l'argent du Marché{nl} - +30 % d'EXP en chassant des monstres{nl}(Se cumule avec les effets des Tome d'XP){nl} - Possibilité d'utiliser les gestes Premium{nl} - +1 récompense supplémentaire des missions Saalus{nl} - Possibilité d'utiliser l'échange personnel jusqu'à 30 fois{nl} - Réduction de 2 Pierres sur les entrées de donjon de raid	마우스 우클릭 시 사용되며 서버 내 모든 캐릭터에 사용 시점으로부터 30일간 혜택이 적용됩니다. 캐릭터 정보창에서 잔여 시간을 확인하실 수 있습니다.{nl}[토큰 효과]{nl} - 특성 즉시 수련 가능{nl} - 마켓 판매 수수료율 감소(30%{img white_right_arrow 16 16}10%){nl} - 마켓 판매 등록 아이템 개수 10개{nl} - 마켓 상/하한가 관계없이 물품 등록 가능{nl} - 마켓 판매금 즉시 수령{nl} - 캐릭터 이동속도 +3 증가{nl} - 몬스터 처치 시 경험치 +30% 증가{nl}(PC방 혜택, 경험의 서 효과와 중첩 가능){nl} - 팀 창고 이용 가능{nl} - 프리미엄 제스쳐 사용 가능{nl} - 개인 거래 30회 가능{nl} - 살러스 수녀원 미션 완료 보상 +1{nl} - 레이드 던전 입장 아이템 소모 개수 -2	INTL_20170925_000044	Applique les avantages du Token à tous vos personnages du serveur pendant 30 jours. Clic droit pour utiliser.{nl}[Avantages du Token]{nl} - Permet d'apprendre les attributs instantanément{nl} - Commission du Marché réduite (30 % {img white_right_arrow 16 16} 10 %){nl} - Permet de mettre en vente jusqu'à 10 objets sur le Marché{nl} - +3 à la vitesse de déplacement du personnage{nl} - +30 % d'EXP en chassant les monstres{nl} - Permet d'utiliser les Gestes Premium{nl} - Augmente le nombre maximum de buffs{nl} - Permet d'utiliser le Commerce personnel jusqu'à 30 fois{nl} - 1 entrée d'instance supplémentaire pour les missions et donjons	마우스 우클릭 시 사용되며 서버 내 모든 캐릭터에 사용 시점으로부터 30일간 혜택이 적용됩니다.{nl}[토큰 효과]{nl} - 특성 스킬 2개 동시 수련 가능{nl} - 마켓 판매 수수료율 감소(30%{img white_right_arrow 16 16}10%){nl} - 마켓 판매 등록 아이템 개수 9개{nl} - 캐릭터 이동속도 +3 증가{nl} - 몬스터 처치 시 경험치 +30% 증가{nl}(PC방 혜택, 경험의 서 효과와 중첩 가능){nl} - 프리미엄 제스쳐 사용 가능{nl} - 개인 거래 30회 가능{nl} - 미션,던전 1회 추가입장{nl} - 살러스 수녀원 미션 완료 보상 +1	
INTL_20171222_000055	Coffre d'Album de Cartes de Monstres	몬스터 카드첩 상자				
INTL_20171222_000056	Clic droit pour obtenir les objets suivants :{nl} - Album de cartes de monstres: Red x1{nl} - Album de cartes de monstres: Blue x1{nl} - Album de cartes de monstres: Green x1{nl} - Album de cartes de monstres: Purple x1	마우스 우클릭 시 사용되며 구성물을 획득할 수 있습니다.{nl} - 몬스터 카드첩 : 레드 x1{nl} - 몬스터 카드첩 : 블루 x1{nl} - 몬스터 카드첩 : 그린 x1{nl} - 몬스터 카드첩 : 퍼플 x1				
INTL_20180102_000057	Titre - Bonne Année 2018	칭호 - 2018 Happy New Year				
INTL_20180102_000058	Une clé donnée aux participants de l'événement 2018 Vœux de bonne année.{nl}Elle semble pouvoir ouvrir des Lingots d'or.	2018 Happy New Year Wishes Greetings 수상자에게 지급되는 열쇠입니다.{nl}금괴를 열 수 있을 것 같습니다.				
INTL_20180108_000059	Une clé donnée aux participants de l'événement 2018 Vœux de bonne année.{nl}Elle semble pouvoir ouvrir une sorte de coffre-fort.	2018 Happy New Year Wishes Greetings 수상자에게 지급되는 열쇠입니다.{nl}금고를 열 수 있을 것 같습니다.				
INTL_20180108_000060	Une Clé porte-bonheur reçue de l'événement Facebook ! (du 28 décembre 2017 au 9 janvier{nl}2018)	Lucky Key는 Facebook 이벤트에서 지급되었습니다.{nl}(2017년 12월 28일 ~ 2018년 1월 9일)				금괴
INTL_20180108_000061	Voûte	금고				
INTL_20180115_000062	Titre décerné aux gagnants du festival de fanart Mise à jour du rang: 4 Édition nouvelles classes!.	Rank Update: 4 New Classes Edition! 수상자에게 지급되는 칭호입니다.				
INTL_20180115_000063	Titre - Artiste de Nouvelle Classe	칭호 - New Class Artist				
INTL_20180115_000064	Titre décerné aux gagnants du festival de fanart Mise à jour du rang: 4 Édition nouvelles classes!. Clic droit pour utiliser.	Rank Update: 4 New Classes Edition! 수상자에게 지급되는 칭호입니다. 마우스 오른쪽 클릭으로 사용합니다.				
INTL_20180122_000065	Coffre Goro	고로 상자				
INTL_20180123_000066	Buff du Chasseur - 1	가문의 영광 1단계				
INTL_20180123_000067	+20 % d'EXP en chassant des monstres	몬스터 처치 시 획득 경험치 +20%				
INTL_20180123_000068	Buff du Chasseur - 2	가문의 영광 2단계				
INTL_20180123_000069	+40 % d'EXP en chassant des monstres	몬스터 처치 시 획득 경험치 +40%	SKILL_20161226_007304	+60 % d'EXP en chassant des monstres{nl}+2 vitesse de déplacement	몬스터 처치 시 획득 경험치 +60%{nl}이동 속도 +2	
INTL_20180123_000070	Buff du Chasseur - 3	가문의 영광 3단계				
INTL_20180123_000071	+60 % d'EXP en chassant des monstres	몬스터 처치 시 획득 경험치 +60%	SKILL_20161226_007306	+90 % d'EXP en chassant des monstres{nl}+3 vitesse de déplacement	몬스터 처치 시 획득 경험치 +90%{nl}이동 속도 +3	
INTL_20180123_000072	Buff du Chasseur - 4	가문의 영광 4단계				
INTL_20180123_000073	+80 % d'EXP en chassant des monstres	몬스터 처치 시 획득 경험치 +80%	SKILL_20161226_007308	+120 % d'EXP en chassant des monstres{nl}+4 vitesse de déplacement	몬스터 처치 시 획득 경험치 +120%{nl}이동 속도 +4	
INTL_20180123_000074	Buff du Chasseur - 5	가문의 영광 5단계				
INTL_20180202_000075	Boîte de Chocolats	소녀의 마음				
INTL_20180202_000076	Une jolie boîte de chocolats faits main pour la Saint-Valentin. Utilisez pour appliquer +50 % de gains d'EXP pendant 1 heure.	달달한 맛으로, 뇌의 회전을 도와주는 초콜릿입니다. 사용 시, 1시간동안 경험치 획득량 +50% 효과를 얻습니다.				
INTL_20180214_000077	Buff de l'Hiver Dernier	마지막 겨울 버프				
INTL_20180214_000078	+30 % d'EXP en chassant des monstres	몬스터 처치 시 획득 경험치 +30%				
INTL_20180214_000079	Clé d'Hiver	겨울 열쇠				
INTL_20180214_000080	Utilisez-la pour ouvrir le Vault à Klaipeda.{nl}(Sera supprimée à la fin de l'événement.)	마지막 겨울 이벤트에서 사용되는 열쇠입니다.{nl}(이벤트 종료 시 일괄 삭제됩니다.)				
INTL_20180214_000081	Stalactite (14 Jours)	고드름(14일)				
INTL_20180214_000082	Faites-le fondre près du feu et découvrez ce qu'il y a à l'intérieur !{nl}(Sera supprimé à la fin de l'événement.)	고드름을 녹이면 무엇이 들어있을까요?{nl}(고드름은 장작 주위에서만 사용 가능합니다.)				
INTL_20180214_000083	Collectez 10 Clé d'hiver pour obtenir le nouveau compagnon Manchot d'hiver !	Winter Key 10개를 모으시면 "윈터펭" 을 드립니다.{nl}(Winter Key는 2월 20일 이벤트에서 획득할 수 있습니다.)				금고
INTL_20180214_000084	L'événement L'hiver dernier est maintenant ouvert. Ne manquez pas le nouveau compagnon{nl}Manchot d'hiver et bien plus encore !	마지막 겨울 이벤트가 진행 중입니다.{nl}마지막 겨울 선물과 버프는 물론, 신규 컴패니언 윈터펭도 만나보세요.				이벤트 알림판
INTL_20180214_000085	Collectez 10 Clé d'hiver pour obtenir le compagnon Manchot d'hiver. (Recevez les clés chaque{nl}jour depuis le tableau d'affichage de l'événement.)	Winter Key 10개를 모으시면 "윈터펭" 을 드립니다.{nl}(이벤트 알림판에서 마지막 겨울 선물을 받으세요.)				금고
INTL_20180214_000086	Vous pouvez continuer à recevoir plus de récompenses chaque jour en utilisant les Clés d'hiver !{nl}Chaque clé utilisée pour ouvrir le Vault vous donne une nouvelle récompense.	Winter Key로 추가 보상을 받을 수 있습니다.{nl}(Winter Key 1개당 1회의 추가 보상이 주어집니다.)				금고
INTL_20180214_000087	Vous utilisez déjà ce bonus.	이미 버프가 존재합니다.				이벤트 알림판
INTL_20180214_000088	C'est trop tôt, revenez plus tard.	너무 이릅니다.				이벤트 알림판
INTL_20180214_000089	L'Hiver Dernier	마지막 겨울 이벤트				
INTL_20180214_000090	Recevoir le Buff de l'Hiver Dernier	마지막 겨울 버프 받기				
INTL_20180214_000091	Recevoir le Cadeau L'Hiver Dernier	마지막 겨울 선물 받기				
INTL_20180214_000092	Assistant d'EXP du Week-end	주말 경험치 지원				
INTL_20180219_000093	Guilde de la prison des démons (Niv. recommandé :{nl}180){nl}Seuls vous et les membres de votre groupe pouvez{nl}entrer ensemble.{nl}Voulez-vous vraiment entrer ?	염원의 비석로 (권장 레벨:180)에 입장하시겠습니까?{nl}당신과 파티를 맺은 플레이어만이 함께 입장할 수 있습니다.				
INTL_20180219_000094	Famille Legwyn déchue (Niv. recommandé : 230){nl}Seuls vous et les membres de votre groupe pouvez{nl}entrer ensemble.{nl}Voulez-vous vraiment entrer ?	쇠락한 르귄가문의 저택 (권장 레벨:230)에 입장하시겠습니까?{nl}당신과 파티를 맺은 플레이어만이 함께 입장할 수 있습니다.				
INTL_20180219_000095	Souterrain du château (Niv. recommandé : 300){nl}Seuls vous et les membres de votre groupe pouvez{nl}entrer ensemble.{nl}Voulez-vous vraiment entrer ?	캐슬 지하 (권장 레벨:300)에 입장하시겠습니까?{nl}당신과 파티를 맺은 플레이어만이 함께 입장할 수 있습니다.				
INTL_20180219_000096	Assistant d'EXP	성장 지원 도우미				
INTL_20180305_000097	 {nl}{CUBE} ouverts : {@st66d_y}{s18}{SUM}{/}{/}{nl}Ouvrez {@st66d_y}{s18}{COUNT}{/}{/} cubes de plus pour recevoir la récompense de {@st66d_y}{s18}{BOUNS}{/}{/} cubes.{nl}Vous pouvez recevoir la/les récompense(s) pour {@st66d_y}{s18}{REWARD}{/}{/} cubes ouverts.{nl}Voulez-vous recevoir la/les récompense(s) maintenant ?	 {nl}{CUBE} 사용 횟수 : {@st66d_y}{s18}{SUM}{/}{/}{nl}앞으로 {@st66d_y}{s18}{COUNT}{/}{/}회 사용시 {@st66d_y}{s18}{BOUNS}{/}{/}회 보상을 받을 수 있습니다.{nl}{@st66d_y}{s18}{REWARD}{/}{/} 회 보상을 받을 수 있습니다.{nl}수령하시겠습니까?				
INTL_20180305_000098	 {nl}{CUBE} ouverts : {@st66d_y}{s18}{SUM}{/}{/}{nl}Ouvrez {@st66d_y}{s18}{COUNT}{/}{/} cubes de plus pour recevoir la récompense de {@st66d_y}{s18}{BOUNS}{/}{/} cubes.	 {nl}{CUBE}  사용 횟수 : {@st66d_y}{s18}{SUM}{/}{/}{nl}앞으로 {@st66d_y}{s18}{COUNT}{/}{/}회 사용시 {@st66d_y}{s18}{BOUNS}{/}{/}회 보상을 받을 수 있습니다.				
INTL_20180305_000099	Cube Bonus	보너스 큐브				
INTL_20180312_000100	Titre décerné aux gagnants de l'événement de fanart du 2e anniversaire.	스팀 2주년 팬아트 수상자에게 주어지는 칭호 입니다.				
INTL_20180312_000101	Titre - Joyeux 2e anniversaire !	칭호 - Happy 2nd Anniversary!				
INTL_20180312_000102	Titre décerné aux gagnants de l'événement de fanart du 2e anniversaire. Clic droit pour utiliser.	스팀 팬아트 수상자에게 지급되는 칭호입니다. 마우스 오른쪽 클릭으로 사용합니다.				
INTL_20180312_000103	 {nl}Vous avez été assigné à l'équipe {@st66d_y}{s18}{TEAM}{/}{/}.{nl}Vainquez des monstres pour récolter des {@st66d_y}{s18}{ITEM}{/}{/}.	 {nl}{@st66d_y}{s18}{TEAM}{/}{/} 에 배정되었습니다.{nl}몬스터 처치시 {@st66d_y}{s18}{ITEM}{/}{/}을 획득할 수 있습니다.				
INTL_20180312_000104	Échange d'Objets	아이템 교환				
INTL_20180312_000105	Défi d'Équipe de Vaivora	마을 축제				
INTL_20180312_000106	Buff d'Événement	이벤트 버프				
INTL_20180316_000107	Le pouvoir du pétard s'est propagé à tous les membres du groupe.	기념을 축하하는 폭죽의 힘이 공유되고 있습니다.				
INTL_20180316_000108	Œuf d'Oiseau de Guerre Brillant	빛나는 전투 뱁새 알				
INTL_20180316_000109	Pétard du 2e anniversaire	2주년 폭죽				
INTL_20180316_000110	Objet de l'événement du 2e anniversaire.{nl}Augmente la vitesse de déplacement de +4, le ratio d'attaque de zone de +1 et les gains d'EXP de +25 % pour tous les membres du groupe pendant 30 minutes.	2주년 이벤트 아이템입니다.{nl} 30분간 파티원 전체의 이동속도 +4, 광역 공격 비율 +1 경험치 25% 증가의 효과를 줍니다.				
INTL_20180316_000111	Démarrer l'événement du 2e anniversaire	이벤트 워프 주문서 - 2주년 이벤트 시작				
INTL_20180316_000112	Un Parchemin de téléportation de l'événement.{nl}Utilisez-le pour vous rendre auprès du PNJ de l'événement du 2e anniversaire.	이벤트용 워프 주문서입니다.{nl}사용 시 2주년 이벤트 시작 npc 앞으로 이동합니다.				
INTL_20180316_000113	Brassard du 2e anniversaire Steam	스팀 2주년 암밴드				
INTL_20180316_000114	Un accessoire de brassard célébrant les 2 ans de TOS sur Steam.	스팀 2주년을 기념하여 제작된 암밴드 입니다.				
INTL_20180316_000115	Orange Souriante	스마일 오렌지				
INTL_20180316_000116	Le petit ami orange de GM Orange. Cette orange particulière est connue pour ses nombreuses expressions, ce qui pousse certains à penser qu'elle a été affectée par Medzio Diena.	GM 오렌지의 머리 위에있는 오렌지. 다양한 표정을 지을 수 있는 것으로 보아 Medzio Diena의 영향을 받았다고 의심된다.				
INTL_20180316_000117	Café à la Sardine	정어리 커피				
INTL_20180316_000118	La tasse à café de GM Papaya. Bien qu'elle contienne du café (et une sardine), le contenu de la tasse ne se renverse jamais, au grand amusement des spectateurs.	GM 파파야의 커피. 살아있는 정어리가 들어있다. 마법적인 힘으로 인해 어떤 각도에서든 머리에서 떨어지지 않는다.				
INTL_20180316_000119	Lunettes en Spirale	뱅글 안경				
INTL_20180316_000120	Les célèbres lunettes en spirale du Dr No. Portez-les avec une canette de Bœuf rouge à la main pour un meilleur résultat. Effets secondaires : peut provoquer des vertiges.	Dr. No의 안경. 일을 할 때 Red Ox과 같이 사용하면 효율이 높아진다고 한다. 주의: 같이있을 경우 어지러울 수 있다.				
INTL_20180316_000121	Pack d'œufs d'Oiseau de Guerre Brillants	빛나는 전투 뱁새 패키지				
INTL_20180316_000122	Clic droit pour utiliser et obtenir les objets.{nl} - Œuf d'Oiseau de guerre brillant x1{nl} - Nourriture pour Oiseau de guerre x50	마우스 우클릭 시 사용되며 구성물을 획득할 수 있습니다.{nl} - 빛나는 전투 뱁새 알{nl} - 뱁새용 모이 50개				
INTL_20180316_000123	Pack d'œufs de Manchot Brillants	빛나는 펭귄 패키지				
INTL_20180316_000124	Clic droit pour utiliser et obtenir les objets.{nl} - Œuf de manchot brillant x1{nl} - Sardine x50	마우스 우클릭 시 사용되며 구성물을 획득할 수 있습니다.{nl} - 빛나는 펭귄 알{nl} - 정어리 50개				
INTL_20180316_000125	Clic droit pour utiliser et obtenir les objets.{nl} - Brassard du 2e anniversaire Steam x1d{nl} - Œuf de manchot feuille x1{nl} - Coupon d'amélioration : 100 000 Argent x10{nl}- Points d'attribut : 1 000 x1{nl}- Parchemin de téléportation de l'événement - Start 2e anniversaire Event x1{nl}- Potion de PV hautement condensée x20{nl}- Potion de PM hautement condensée x20{nl}- Niv2 Potion de soutien de colonie x10{nl}- 2e anniversaire Firecracker x5{nl}- Statue de la Déesse x5{nl}- Potion de vitesse de déplacement hautement condensée x5{nl}- Token : 15 jours [Événement]	마우스 우클릭 시 사용되며 구성물을 획득할 수 있습니다.{nl} - 스팀 2주년 암밴드{nl} - 펭그린 알{nl} - 강화 실버 할인 쿠폰 : 10만 실버 10개{nl}- 특성 포인트 1,000{nl}- 이벤트 워프 주문서 - 2주년 이벤트 시작{nl}- 고농축 HP포션 20개{nl}- 고농축 SP포션 20개{nl}- 정착 지원 포션 Lv2 10개{nl}- 2주년 폭죽 5개{nl}- 여신의 조각상 5개{nl}- 고농축 이동속도 증가 포션 5개{nl}- 토큰:15일[증정용]				
INTL_20180326_000126	Liste des Maîtres Invités	마스터 명단 리스트				
INTL_20180326_000127	Ce document répertorie tous les maîtres de classe invités aux célébrations du 2e anniversaire de TOS.{nl}(Sera supprimé à la fin de l'événement.)	초대장을 가진 마스터들의 명단을 기록하고 있습니다.{nl}(사용 시 이벤트 진행 상황을 확인할 수 있습니다.)				
INTL_20180326_000128	Un Parchemin de téléportation de l'événement.{nl}Utilisez-le pour vous rendre auprès du PNJ de l'événement du 2e anniversaire.	이벤트용 워프 주문서입니다.{nl}사용 시 2주년 이벤트 도우미 npc 앞으로 이동합니다.	INTL_20180316_000112	Un Parchemin de téléportation de l'événement.{nl}Utilisez-le pour vous rendre auprès du PNJ de l'événement du 2e anniversaire.	이벤트용 워프 주문서입니다.{nl}사용 시 2주년 이벤트 시작 npc 앞으로 이동합니다.	
INTL_20180326_000129	Titre - Reporter TPP Honoraire	칭호 - Honorary TPP Reporter				
INTL_20180326_000130	Un titre décerné aux reporters honoraires du Poste Popolion. Clic droit pour utiliser.	The Popolion Post 잡지의 명예 기자에게 지급되는 칭호입니다. 마우스 오른쪽 클릭으로 사용합니다.				
INTL_20180402_000131	Un adorable chiot ballon. Faites attention aux objets pointus avec lui.	강아지 모양에 풍선 인형입니다. 찌르면 터질지도 모릅니다.				
INTL_20180402_000132	Enregistrement de l'état du démon O/N [Vrai:1, Faux:0]	Daemon State 기록 여부[True:1, False:0]				
INTL_20180406_000133	Titre décerné aux joueurs ayant collecté les [Événement] Révélation. Clic droit pour utiliser.	[이벤트] 계시를 찾은 구원자에게 지급되는 칭호입니다. 마우스 오른쪽 클릭으로 사용합니다.				
INTL_20180406_000134	[Événement] Révélation de la Mine de Cristal	[이벤트]첫번째 계시				
INTL_20180406_000135	Une Revelation de l'événement.{nl}Échangeable contre un titre au tableau d'affichage de l'événement.	계시 이벤트 아이템입니다.{nl}이벤트 알림판에서 칭호로 교환할 수 있습니다.				
INTL_20180406_000136	Titre - Révélateur de la Mine de Cristal	칭호 - [EVENT]Crystal Mine Revelation				
INTL_20180406_000137	Veuillez d'abord récupérer le titre « Révélateur de la mine de cristal ».	칭호 - [이벤트]첫 번째 계시 획득자를 먼저 획득해 주세요.				이벤트 알림판
INTL_20180406_000138	Recevoir le Titre	칭호 받기				
INTL_20180406_000139	Recevoir le Bonus	버프 받기				
INTL_20180406_000140	La première révélation : la mine de cristal	첫 번째 세계관 이벤트 : 수정광산				
INTL_20180418_000141	Restaure 30 points d'endurance.{nl}Convient pour :{nl} - Velheider{nl} - Hoglan{nl} - Manchot-feuille{nl} - Bébé cochon{nl} - Rocksodon{nl} - Tatou{nl} - Chiot doré{nl} - Goro	스태미나를 30 회복 시켜줍니다.{nl}사용가능 목록{nl} - 벨하이더 {nl} - 호글란 {nl} - 펭그린 {nl} - 아기돼지 {nl} - 락스돈 {nl} - 아르마딜로 {nl} - 금강불개 {nl} - 고로				
INTL_20180420_000142	Cube du Héros de Fedimian	페디미안 수호 큐브				
INTL_20180420_000143	Un cube décerné aux braves héros ayant sauvé Fedimian des monstres.	페디미안을 수호한 구원자에게 주어지는 보상입니다.				
INTL_20180503_000144	[Sondage]{nl}   Gérant des Prix	[설문 이벤트]{nl}   상품 교환원				
INTL_20180514_000145	Randonnée Arc-en-ciel	비비드 시티 참여 중				
INTL_20180514_000146	Impossible d'utiliser des Skills.{nl}Retour à la carte de la ville dans 60 minutes.	스킬을 사용할 수 없습니다.{nl}60분 뒤 마을로 이동합니다.				
INTL_20180514_000147	Coffre de Points d'Attribut Rang S (X3)	특성 포인트 상자 S급 (3개)				
INTL_20180514_000148	Une boîte contenant 3 Coffre de points d'attribut rang S. Clic droit pour obtenir. 	특성 포인트 상자 S급 3개가 들어있는 상자입니다. 마우스 오른쪽 버튼 클릭으로 사용하면 아이템이 지급됩니다.				
INTL_20180514_000149	Coffre d'Enclume de Diamant d'Artisan	장인의 다이아몬드 모루 상자				
INTL_20180514_000150	Une boîte contenant 5 Enclume de diamant. Clic droit pour utiliser et obtenir les objets.	다이아몬드 모루 5개가 들어있는 상자입니다. 마우스 오른쪽 버튼 클릭으로 사용하면 아이템이 지급됩니다.				
INTL_20180514_000151	Coffre de recettes secrètes d'armes d'artisan (niv. 315)	장인의 무기 비밀 레시피 상자 (Lv. 315)				
INTL_20180514_000152	Sélectionnez une recette de Niv. 315 pouvant être fabriquée avec moins de matériaux. Clic droit pour utiliser.	적은 재료로 315제 장비를 제작 가능한 비밀 레시피를 선택할 수 있습니다. 마우스 오른쪽 버튼 클릭으로 사용합니다.				
INTL_20180514_000153	Recette Secrète d'Artisan - Abdochar	장인의 비밀 제작서-아브도챠				
INTL_20180514_000154	Recette Secrète d'Artisan - Sarkmis	장인의 비밀 제작서-사크미스				
INTL_20180514_000155	Recette Secrète d'Artisan - Fracasse-crâne	장인의 비밀 제작서-스컬 스매셔				
INTL_20180514_000156	Sceptre Recette Secrète d'Artisan - Corne de Regard	장인의 비밀 제작서-리가드 혼 스태프				
INTL_20180514_000157	Recette Secrète d'Artisan - Cœur de Gloire	장인의 비밀 제작서-하트 오브 글로리				
INTL_20180514_000158	Recette Secrète d'Artisan - Brise-crâne	장인의 비밀 제작서-스컬 브레이커				
INTL_20180514_000159	Dague Recette Secrète d'Artisan - Emengard	장인의 비밀 제작서-에멘가드 대거				
INTL_20180514_000160	Recette Secrète d'Artisan - Lance Wingshard	장인의 비밀 제작서-윙샤드 스피어				
INTL_20180514_000161	Pique Recette Secrète d'Artisan - Corne de Regard	장인의 비밀 제작서-리가드 혼 파이크				
INTL_20180514_000162	Recette Secrète d'Artisan - Corne Noire	장인의 비밀 제작서-블랙 혼				
INTL_20180514_000163	Arbalète Recette Secrète d'Artisan - Corne de Regard	장인의 비밀 제작서-리가드 혼 크로스보우				
INTL_20180514_000164	Recette Secrète d'Artisan - Arc Astra	장인의 비밀 제작서-아스트라 보우				
INTL_20180514_000165	Recette Secrète d'Artisan - Revolver Aspana 	장인의 비밀 제작서-아스파나 리볼버				
INTL_20180514_000166	Mousquet Recette Secrète d'Artisan - Emengard	장인의 비밀 제작서-에멘가드 머스킷				
INTL_20180514_000167	Canon Recette Secrète d'Artisan - Emengard	장인의 비밀 제작서-에멘가드 캐논				
INTL_20180514_000168	Bouclier Recette Secrète d'Artisan - Emengard	장인의 비밀 제작서-에멘가드 실드				
INTL_20180523_000169	Accorde les avantages Token à tous vos personnages sur le serveur pendant 60 jours. Consultez le temps restant dans les infos du personnage.{nl}[Avantages Token]{nl} - Possibilité d'apprendre des attributs instantanément{nl} - Frais de commission du Marché réduits (30 % {img white_right_arrow 16 16} 10 %){nl} - Possibilité de mettre en vente jusqu'à 10 objets sur le Marché{nl} - Possibilité d'enregistrer des objets sur le Marché en dehors des limites de prix min./max.{nl} - Possibilité de récupérer instantanément l'argent du Marché{nl}- Vitesse de déplacement +3{nl} - +50 % d'EXP en chassant des monstres{nl}(Se cumule avec les effets des Tome d'XP){nl}- Emplacements de stockage d'équipe +30{nl} - Possibilité d'utiliser les gestes Premium{nl} - Possibilité d'utiliser l'échange personnel jusqu'à 60 fois	마우스 우클릭 시 사용되며 서버 내 모든 캐릭터에 사용 시점으로부터 60일간 혜택이 적용됩니다. 캐릭터 정보창에서 잔여 시간을 확인하실 수 있습니다.{nl}[토큰 효과]{nl} - 특성 즉시 수련 가능{nl} - 마켓 판매 수수료율 감소(30%{img white_right_arrow 16 16}10%){nl} - 마켓 판매 등록 아이템 개수 10개{nl} - 마켓 상/하한가 관계없이 물품 등록 가능{nl} - 마켓 판매금 즉시 수령{nl} - 캐릭터 이동속도 +3 증가{nl} - 몬스터 처치 시 경험치 +50% 증가{nl}(PC방 혜택, 경험의 서 효과와 중첩 가능){nl} - 팀 창고 +30칸 증가{nl} - 프리미엄 제스쳐 사용 가능{nl} - 개인 거래 60회 가능				
INTL_20180523_000170	Accorde les avantages du Token à tous vos personnages du serveur pendant 7 jours. Consultez le temps restant dans les Infos du personnage.{nl}[Avantages du Token]{nl} - Permet d'apprendre les attributs instantanément{nl} - Commission du Marché réduite (30 % {img white_right_arrow 16 16} 10 %){nl} - Permet de mettre en vente jusqu'à 10 objets sur le Marché{nl} - Permet d'enregistrer des objets sur le Marché en dehors des limites de prix min./max.{nl} - Permet de récupérer l'argent du Marché instantanément{nl}- Vitesse de déplacement +3{nl} - +50 % d'EXP en chassant les monstres{nl}(Se cumule avec les effets des Tome d'XP){nl}- Emplacements de Stockage d'équipe +30{nl} - Permet d'utiliser les Gestes Premium	마우스 우클릭 시 사용되며 서버 내 모든 캐릭터에 사용 시점으로부터 7일간 혜택이 적용됩니다. 캐릭터 정보창에서 잔여 시간을 확인하실 수 있습니다.{nl}[토큰 효과]{nl} - 특성 즉시 수련 가능{nl} - 마켓 판매 수수료율 감소(30%{img white_right_arrow 16 16}10%){nl} - 마켓 판매 등록 아이템 개수 10개{nl} - 마켓 상/하한가 관계없이 물품 등록 가능{nl} - 마켓 판매금 즉시 수령{nl} - 캐릭터 이동속도 +3 증가{nl} - 몬스터 처치 시 경험치 +50% 증가{nl}(PC방 혜택, 경험의 서 효과와 중첩 가능){nl} - 팀 창고 +30칸 증가{nl} - 프리미엄 제스쳐 사용 가능				
INTL_20180525_000171	Utilisez pour obtenir les costumes{nl}suivants.{nl} - Costume de l'Invité (Homme){nl} - Costume de l'Invité (Femme)	사용 시 코스튬을 획득할 수 있습니다.{nl} - 초대에 응한 자 코스튬(남){nl} - 초대에 응한 코스튬(여)	INTL_20180326_000128	Un Parchemin de téléportation de l'événement.{nl}Utilisez-le pour vous rendre auprès du PNJ de l'événement du 2e anniversaire.	이벤트용 워프 주문서입니다.{nl}사용 시 2주년 이벤트 도우미 npc 앞으로 이동합니다.	
INTL_20180615_000172	Un titre décerné aux joueurs TPP les plus créatifs. Clic droit pour utiliser.	Creative TPP Player에게 지급되는 칭호입니다. 마우스 오른쪽 클릭으로 사용합니다.				
INTL_20180615_000173	Propriétaire de l'Esprit Maudit	저주받은 혼 사용자				
INTL_20180615_000174	Esprit Maudit	저주받은 혼				
INTL_20180615_000175	Montrez-le au Soldat dépêché pour entrer dans la zone du Autel maudit.{nl}Vous pouvez aussi l'utiliser pour augmenter la vitesse de déplacement de +2, l'attaque physique de +50 et l'attaque magique de +50 pendant 10 min.	저주받은 병사에게 보여주면 저주받은 지역으로 갈 수 있습니다.{nl}사용 시 10분 동안 이동속도 +2, 물리 공격력 +50, 마법 공격력 +50 증가합니다.				
INTL_20180615_000176	Vous ne pouvez pas aller au-delà de ce point sans un Esprit maudit.	저주받은 혼이 없는 자는 이 앞을 지나갈 수 없다.				저주받은 병사
INTL_20180615_000177	Les Esprit maudit proviennent des monstres qui rôdent dans cet endroit. Bonne chance pour en{nl}obtenir un.	저주받은 해안의 몬스터를 처치해야만 저주받은 혼을 구할 수 있는 것도 모르는 애송이로군.				저주받은 병사
INTL_20180615_000178	Une Voix au Loin	어디선가 들려오는 목소리				
INTL_20180615_000179	Le Baleine de pierre ne peut être éveillé qu'à l'aide d'un Esprit maudit...	오직 저주받은 혼으로만 저주받은 석화 고래를 깨울 수 있지..				어디선가 들려오는 목소리
INTL_20180615_000180	J'ai un Esprit maudit.	저주받은 혼을 보여준다.				
INTL_20180615_000181	{Name} a éveillé le Baleine de pierre maudite.	{Name}님이 저주받은 석화 고래를 깨웠습니다.				
INTL_20180723_000182	Titre décerné aux participants primés du festival de fanart Été 2018. Clic droit pour utiliser.	Loving Summer 팬아트 수상자에게 지급되는 칭호입니다. 마우스 오른쪽 클릭으로 사용합니다.				
INTL_20180809_000183	Un titre décerné aux participants de l'événement. Clic droit pour utiliser.	이벤트 참여자에게 지급되는 칭호입니다. 마우스 오른쪽 클릭으로 사용합니다.				
INTL_20180809_000184	EXP +100 %, vitesse de déplacement +3,{nl}augmentation des PV max.{nl}Récupération de PV, PM et endurance, ratio{nl}d'attaque de zone +2	경험치 100% 증가, 이동속도 +3, 최대체력 증가{nl}HP, SP, 스태미너 회복, 광역 공격 비율 +2				
INTL_20180809_000185	EXP +100 %, vitesse de déplacement +3, chance de{nl}butin +100{nl}Récupération de PV, PM et endurance	경험치 100% 증가, 이동속도 +3, 루팅찬스 +100{nl}HP, SP, 스태미너 회복				
INTL_20180809_000186	[Événement] Coffre de Sélection de Bon de Déblocage	[이벤트] 해금권 선택 상자				
INTL_20180809_000187	Coffre de bons de déblocage de classe cachée {nl} Liste des classes déblocables {nl} - Bon de déblocage de Shinobi {nl} - Bon de déblocage de Miko {nl} - Bon de déblocage de Lanceur de runes {nl} - Bon de déblocage d'Expert {nl} - Bon de déblocage de Nak Muay{nl}Sera automatiquement supprimé à la fin de la période de l'événement.	히든 직업 해금권 선택 상자 {nl} 선택 가능 목록 {nl} - 시노비 해금권 {nl} - 무녀 해금권 {nl} - 룬 캐스터 해금권 {nl} - 감정사 해금권 {nl} - 낙무아이 해금권{nl}(이벤트 종료 시 일괄 삭제됩니다.)				
INTL_20180809_000188	[Événement] Coffre de sélection d'armes améliorées/transcendées niv 350	[이벤트] 350레벨 강화 및 초월 무기 선택 상자				
INTL_20180809_000189	Utilisez pour sélectionner une arme Rare de Niv. 350 améliorée à +11 et transcendée au palier 5.{nl}L'amélioration et la transcendance s'appliquent après la sélection de l'arme.{nl}La boîte sera automatiquement supprimée à la fin de la période de l'événement.	350레벨 레어 11강 5초월 무기를 지급 받을 수 있습니다.{nl}(강화 및 초월은 아이템 선택 시 적용됩니다.){nl}(이벤트 종료 시 일괄 삭제됩니다.)				
INTL_20180809_000190	Un titre décerné aux participants de l'événement. Clic droit pour utiliser.	이벤트에 참여자에게 지급되는 칭호입니다. 마우스 오른쪽 클릭으로 사용합니다.				
INTL_20180809_000191	[Ami] Épée Berthas Raffye 	[우정] 베르타스 라파이 소드				
INTL_20180809_000192	Épée à deux mains [Ami] Berthas Raffye	[우정] 베르타스 라파이 투 핸드 소드				
INTL_20180809_000193	Bâton [Ami] Berthas Raffye	[우정] 베르타스 라파이 로드				
INTL_20180809_000194	Arc [Ami] Berthas Raffye	[우정] 베르타스 라파이 보우				
INTL_20180809_000195	Arbalète [Ami] Berthas Raffye	[우정] 베르타스 라파이 크로스보우				
INTL_20180809_000196	Masse [Ami] Berthas Raffye	[우정] 베르타스 라파이 메이스				
INTL_20180809_000197	Masse à deux mains [Ami] Berthas Raffye	[우정] 베르타스 라파이 투 핸드 메이스				
INTL_20180809_000198	[Ami] Bouclier Berthas Raffye 	[우정] 베르타스 라파이 실드				
INTL_20180809_000199	[Ami] Lance Berthas Raffye 	[우정] 베르타스 라파이 스피어				
INTL_20180809_000200	[Ami] Pique Berthas Raffye 	[우정] 베르타스 라파이 파이크				
INTL_20180809_000201	Dague [Ami] Berthas Raffye	[우정] 베르타스 라파이 대거				
INTL_20180809_000202	Sceptre [Ami] Berthas Raffye	[우정] 베르타스 라파이 스태프				
INTL_20180809_000203	Pistolet [Ami] Berthas Raffye	[우정] 베르타스 라파이 피스톨				
INTL_20180809_000204	Rapière [Ami] Berthas Raffye	[우정] 베르타스 라파이 레이피어				
INTL_20180809_000205	Canon [Ami] Berthas Raffye	[우정] 베르타스 라파이 캐논				
INTL_20180809_000206	[Ami] Mousquet Berthas Raffye 	[우정] 베르타스 라파이 머스킷				
INTL_20180809_000207	[Événement] Bon de Déblocage de Miko	[이벤트] 무녀 클래스 해금권				
INTL_20180809_000208	Utilisez pour débloquer la classe Miko après avoir atteint le Rang 6. Clic droit pour utiliser.{nl}Sera automatiquement supprimé à la fin de la période de l'événement.	사용 시 6랭크 달성 후 무녀 클래스를 선택할 수 있습니다. 마우스 오른쪽 클릭으로 사용합니다.{nl}(이벤트 종료 시 일괄 삭제됩니다.)				
INTL_20180809_000209	[Événement] Bon de Déblocage d'Expert	[이벤트] 감정사 클래스 해금권				
INTL_20180809_000210	Utilisez pour débloquer la classe Expert après avoir atteint le Rang 5. Clic droit pour utiliser.{nl}Sera automatiquement supprimé à la fin de la période de l'événement.	사용 시 5랭크 달성 후 감정사 클래스를 선택할 수 있습니다. 마우스 오른쪽 클릭으로 사용합니다.{nl}(이벤트 종료 시 일괄 삭제됩니다.)				
INTL_20180809_000211	[Événement] Bon de Déblocage de Lanceur de Runes	[이벤트] 룬캐스터 클래스 해금권				
INTL_20180809_000212	Utilisez pour débloquer la classe Lanceur de runes après avoir atteint le Rang 6. Clic droit pour utiliser.{nl}Sera automatiquement supprimé à la fin de la période de l'événement.	사용 시 6랭크 달성 후 룬캐스터 클래스를 선택할 수 있습니다. 마우스 오른쪽 클릭으로 사용합니다.{nl}(이벤트 종료 시 일괄 삭제됩니다.)				
INTL_20180809_000213	[Événement] Bon de Déblocage de Shinobi	[이벤트] 시노비 클래스 해금권				
INTL_20180809_000214	Utilisez pour débloquer la classe Shinobi après avoir atteint le Rang 7. Clic droit pour utiliser.{nl}Sera automatiquement supprimé à la fin de la période de l'événement.	사용 시 7랭크 달성 후 시노비 클래스를 선택할 수 있습니다. 마우스 오른쪽 클릭으로 사용합니다.{nl}(이벤트 종료 시 일괄 삭제됩니다.)				
INTL_20180809_000215	[Événement] Bon de Déblocage de Nak Muay	[이벤트] 낙무아이 클래스 해금권				
INTL_20180809_000216	Utilisez pour débloquer la classe Nak Muay après avoir atteint le Rang 7. Clic droit pour utiliser.{nl}Sera automatiquement supprimé à la fin de la période de l'événement.	사용 시 7랭크 달성 후 낙무아이 클래스를 선택할 수 있습니다. 마우스 오른쪽 클릭으로 사용합니다.{nl}(이벤트 종료 시 일괄 삭제됩니다.)				
INTL_20180809_000217	Coffre au Trésor de Leticia 2018 (Saison 1)	2018 레티샤의 보물 상자(시즌1)				
INTL_20180809_000218	Assistant de l'Événement Inviter un Ami	친구 추천 이벤트 도우미				
INTL_20180809_000219	L'événement Invite a Friend est maintenant ouvert ! Connectez-vous avec votre ami pour{nl}recevoir des bonus et des récompenses !	친구 추천 이벤트가 진행 중입니다.{nl}친구와 함께 접속 시 다양한 보상과 버프를 획득할 수 있습니다.				친구 추천 이벤트 도우미
INTL_20180809_000220	Vous n'êtes pas éligible à l'événement.	이벤트 참여 대상이 아닙니다.				
INTL_20180809_000221	L'équipe {#003399}{team}{/} ne contient aucun personnage de niveau 50 ou plus.	{#003399}{team}{/}팀 내에 50레벨 이상인 캐릭터가 없습니다.				
INTL_20180809_000222	Recevoir le Soutien de {#003399}{team}{/}	{#003399}{team}{/}의 성장 지원 받기				
INTL_20180809_000223	{#003399}{team}{/} est maintenant en ligne.{nl}Bonus appliqué.	{#003399}{team}{/}님이 접속 중입니다.{nl}버프가 부여됩니다.				
INTL_20180809_000224	Assistant « Inviter un Ami »	친구 추천 도우미				
INTL_20180817_000225	[Événement] Coffre de sélection d'armes améliorées/transcendées (14 jours)	[이벤트] 강화 및 초월 무기 선택 상자 (14일)				
INTL_20180817_000226	Utilisez au niveau 230 ou plus pour sélectionner une arme Rare de Niv. 315 (30 jours) améliorée à +10 et transcendée au palier 3.{nl}(L'amélioration et la transcendance s'appliquent après la sélection de l'objet.)	230레벨에 사용할 수 있는 315레벨 레어 10강 3초월 무기(30일)을 지급 받을 수 있습니다.{nl}(강화 및 초월은 아이템 선택 시 적용됩니다.)				
INTL_20180817_000227	[Retour] Abdochar (30 Jours)	[복귀] 아브도챠 (30일)				
INTL_20180817_000228	[Retour] Sarkmis (30 Jours)	[복귀] 사크미스 (30일)				
INTL_20180817_000229	[Retour] Fracasse-crâne (30 Jours)	[복귀] 스컬 스매셔 (30일)				
INTL_20180817_000230	[Retour] Sceptre Corne de Regard (30 Jours)	[복귀] 리가드 혼 스태프 (30일)				
INTL_20180817_000231	[Retour] Cœur de Gloire (30 Jours)	[복귀] 하트 오브 글로리 (30일)				
INTL_20180817_000232	[Retour] Brise-crâne (30 Jours)	[복귀] 스컬 브레이커 (30일)				
INTL_20180817_000233	[Retour] Dague Emengard (30 Jours)	[복귀] 에멘가드 대거 (30일)				
INTL_20180817_000234	[Retour] Lance Wingshard (30 Jours)	[복귀] 윙샤드 스피어 (30일)				
INTL_20180817_000235	[Retour] Pique Corne de Regard (30 Jours)	[복귀] 리가드 혼 파이크 (30일)				
INTL_20180817_000236	[Retour] Corne Noire (30 Jours)	[복귀] 블랙 혼 (30일)				
INTL_20180817_000237	[Retour] Arbalète Corne de Regard (30 Jours)	[복귀] 리가드 혼 크로스보우 (30일)				
INTL_20180817_000238	[Retour] Arc Astra (30 Jours)	[복귀] 아스트라 보우 (30일)				
INTL_20180817_000239	[Retour] Revolver Aspana (30 Jours)	[복귀] 아스파나 리볼버 (30일)				
INTL_20180817_000240	[Retour] Canon Emengard (30 Jours)	[복귀] 에멘가드 캐논 (30일)				
INTL_20180817_000241	[Retour] Mousquet Emengard (30 Jours)	[복귀] 에멘가드 머스킷 (30일)				
INTL_20180817_000242	[Retour] Bouclier Emengard (30 Jours)	[복귀] 에멘가드 실드 (30일)				
INTL_20180827_000243	Un titre décerné aux créateurs de guides de jeu. Clic droit pour utiliser.	Game Guide Creator에게 지급되는 칭호입니다. 마우스 오른쪽 클릭으로 사용합니다.				
INTL_20180903_000244	{ds}{b}{#ffefd6}30 min : {#fe7e00}10 POINTS	{ds}{b}{#ffefd6}30분:{#fe7e00}10 POINT				
INTL_20180903_000245	Veuillez réessayer.	Popo Shop의 재시도 버튼을 클릭해주세요				
INTL_20180903_000246	Échec d'achat de l'objet. Veuillez réessayer.	Popo Shop 아이템 구매에 실패했습니다. 다시 시도해 주세요.				
INTL_20180903_000247	Points Popo insuffisants.	Popo Shop 포인트가 부족합니다.				
INTL_20180907_000248	Utiliser la fonction d'enregistrement/chargement des messages système Mongo DB O/N	몽고 db에 특정 시스템 메시지 저장/로드 기능 사용할 것인지				
INTL_20180914_000249	Bon de la Boutique de Soutien au Combat (14 Jours)	전투 지원 상점 이용권(14일)				
INTL_20180914_000250	Ouvre une boutique où vous pouvez acheter des potions, des consommables de Skill et d'autres objets utiles.	사용 시 전투에 필요한 물건을 구매할 수 있는 상점을 이용할 수 있습니다.				
INTL_20180914_000251	Bon de la Boutique de Soutien au Combat	전투 지원 상점 이용권				
INTL_20180914_000252	Coffre au Trésor de Leticia 2018 (Saison 2)	2018 레티샤의 보물 상자(시즌2)				
INTL_20180928_000253	Un titre décerné aux gagnants du concours de fanart Halloween 2018. Clic droit pour utiliser.	Horror Night 팬아트 수상자에게 지급되는 칭호입니다. 마우스 오른쪽 클릭으로 사용합니다.				
INTL_20181026_000254	Voulez-vous sélectionner une récompense de 10 participations ?	받으실 10회 참여 횟수 보상을 선택해 주시겠어요?				큐폴 다이나
INTL_20181026_000255	Potion de réinitialisation de Skills (14 jours) et Latte art : Lapin	스킬 초기화 포션 (14일), 거품 토끼				
INTL_20181026_000256	Potion de réinitialisation de Skills (14 jours) et Latte art : Chaton	스킬 초기화 포션 (14일), 거품 고양이				
INTL_20181104_000257	Coffre au Trésor de Leticia 2018 (Saison 3)	2018 레티샤의 보물 상자(시즌3)				
INTL_20181111_000258	Talt Unique	유니크 탈트				
INTL_20181111_000259	Peut être échangé contre un objet d'équipement au Dispositif de traitement du Talt.	탈트 가공 장치에서 장비 아이템으로 교환할 수 있습니다.				
INTL_20181111_000260	Coffre d'arme à deux mains non identifiée unique	유니크 미감정 양손 무기 선택 상자				
INTL_20181111_000261	Sélectionnez et obtenez un objet d'équipement non identifié de Niv. 380.{nl}L'objet ne sera pas limité dans le temps et n'aura aucune restriction d'échange.	380레벨 유니크 미감정 장비 아이템을 획득할 수 있습니다.{nl}획득한 장비 아이템은 무제한이며 모든 거래가 가능합니다.				
INTL_20181111_000262	Coffre d'arme à une main non identifiée unique	유니크 미감정 한손 무기 선택 상자				
INTL_20181111_000263	Coffre d'Armure Supérieure Non Identifiée Unique	유니크 미감정 상의 선택 상자				
INTL_20181111_000264	Coffre d'Armure Inférieure Non Identifiée Unique	유니크 미감정 하의 선택 상자				
INTL_20181111_000265	Coffre de Gants Non Identifiés Uniques	유니크 미감정 장갑 선택 상자				
INTL_20181111_000266	Coffre de Bottes Non Identifiées Uniques	유니크 미감정 신발 선택 상자				
INTL_20181111_000267	Fonction compilant les données de trace quand les FPS du ZoneServer passent sous 2 images	ZoneServer의 FPS가 2프레임 이하일때 트레이싱 정보를 수집하는 기능				
INTL_20181116_000268	Un titre décerné aux gagnants de l'événement de design d'arme TOS. Clic droit pour utiliser.	TOS Weapon Designer 수상자에게 지급되는 칭호입니다. 마우스 오른쪽 클릭으로 사용합니다.				
INTL_20181116_000269	Dispositif de Traitement du Talt	탈트 가공 장치				
INTL_20181211_000270	Utilisez pour recevoir un objet d'armure Primus aléatoire de Niv. 380.	사용 시 380레벨 프리머스 방어구 아이템 중 한가지 아이템이 랜덤으로 지급됩니다.				
INTL_20181211_000271	Utilisez pour recevoir une arme/arme secondaire Primus aléatoire de Niv. 380.	사용 시 380레벨 프리머스 무기/보조무기 아이템 중 한가지 아이템이 랜덤으로 지급됩니다.				
INTL_20181229_000272	Coffre au Trésor de Leticia 2018 (Saison 4)	2018 레티샤의 보물 상자(시즌4)				
INTL_20190102_000273	{@st66b}Collection	{@st66b}컬렉션				
INTL_20190104_000274	Titre décerné aux gagnants de l'événement de fanart du Nouvel An. Clic droit pour utiliser.	New Year Artist 수상자에게 지급되는 칭호입니다. 마우스 오른쪽 클릭으로 사용합니다.				
INTL_20190112_000275	Cet objet ne peut être utilisé que pour changer l'apparence d'un autre.{nl}Ne consomme pas d'argent lorsqu'il est utilisé comme matériau d'apparence.{nl}Échangeable contre des médailles à la Boutique d'échange.{nl}(Ce costume a été conçu par Lunmairetic de [SA] Silute.)	외형 변경 전용 아이템입니다.{nl}해당 아이템으로 외형 변경 시 소재와 실버를 소모하지 않습니다.{nl}리사이클샵에서 메달로 교환할 수 있습니다.{nl}(This costume is designed by Lunmairetic from Silute Server.)				
INTL_20190216_000276	Bon de 100 Points de la Boutique PP	포포샵 100 포인트 구매권				
INTL_20190216_000277	Utilisez pour obtenir 100 Points Popo.{nl} - Utilisable uniquement pendant les périodes de l'événement Boutique de points Popo.	사용 시 포포샵 100 포인트가 추가됩니다.{nl} - 최대 포인트가 초과될 경우 사용할 수 없습니다.{nl} - 포포샵 이벤트 기간중에만 사용할 수 있습니다.				
INTL_20190216_000278	Bon de 500 Points de la Boutique PP	포포샵 500 포인트 구매권				
INTL_20190216_000279	Utilisez pour obtenir 500 Points Popo.{nl} - Utilisable uniquement pendant les périodes de l'événement Boutique de points Popo.	사용 시 포포샵 500 포인트가 추가됩니다.{nl} - 최대 포인트가 초과될 경우 사용할 수 없습니다.{nl} - 포포샵 이벤트 기간중에만 사용할 수 있습니다.				
INTL_20190216_000280	Bon de 1 000 Points de la Boutique PP	포포샵 1000 포인트 구매권				
INTL_20190216_000281	Utilisez pour obtenir 1 000 Points Popo.{nl} - Utilisable uniquement pendant les périodes de l'événement Boutique de points Popo.	사용 시 포포샵 1000 포인트가 추가됩니다.{nl} - 최대 포인트가 초과될 경우 사용할 수 없습니다.{nl} - 포포샵 이벤트 기간중에만 사용할 수 있습니다.				
INTL_20190216_000282	Potion de PV (1 Jour)	HP 포션 (1일)				
INTL_20190216_000283	Restaure instantanément 40 % des PV max. {nl}Restaure également 40 % de PV supplémentaires toutes les 2 secondes pendant 11 secondes. {nl}Clic droit pour utiliser. Temps de recharge de 20 secondes.	HP를 40% 즉시 회복시키고 2초 간격으로 11초 동안 HP를 40% 회복 시켜줍니다. 마우스 오른쪽 클릭으로 사용합니다. 재사용 대기시간 20초.				
INTL_20190216_000284	Potion de PV (7 Jours)	HP 포션 (7일)				
INTL_20190216_000285	Restaure instantanément 40 % des PM max. {nl}Restaure également 40 % de PM supplémentaires toutes les 2 secondes pendant 11 secondes. {nl}Clic droit pour utiliser. Temps de recharge de 20 secondes.	SP를 40% 즉시 회복시키고 2초 간격으로 11초 동안 SP를 40% 회복 시켜줍니다. 마우스 오른쪽 클릭으로 사용합니다. 재사용 대기시간 20초.				
INTL_20190216_000286	Potion de PM (1 Jour)	SP 포션 (1일)				
INTL_20190216_000287	Potion de PM (7 Jours)	SP 포션 (7일)				
INTL_20190216_000288	Recette - 1 Potion de PV du Jour	제작서 - HP 포션 (1일)				
INTL_20190216_000289	Recette - 7 Potion de PV du Jour	제작서 - HP 포션 (7일)				
INTL_20190216_000290	Recette - 1 Potion de PM du Jour	제작서 - SP 포션 (1일)				
INTL_20190216_000291	Recette - 7 Potion de PM du Jour	제작서 - SP 포션 (7일)				
INTL_20190219_000292	Une recette permettant de fabriquer un objet.	아이템을 제작할 수 있는 제작서입니다.				
INTL_20190219_000293	Utilisable uniquement pendant les événements Boutique de points Popo.	포포샵 이벤트 기간에만 사용 가능합니다.				
INTL_20190219_000294	Vous ne pouvez pas dépasser {MAX} points.	{MAX}포인트를 초과할 수 없습니다.				
INTL_20190228_000295	Pétard du Festival	축제 폭죽				
INTL_20190228_000296	Des Feux d'Artifice pour Tous	모두의 불꽃 축제				
INTL_20190228_000297	Vous pouvez échanger des Pétards du festival contre des objets utiles au tableau d'affichage de l'événement.{nl}(Utiliser un pétard applique vitesse de déplacement +2, attaque physique +50 et attaque magique +50 pendant 10 minutes.)	축제 폭죽을 모아 이벤트 알림판으로부터 다양한 아이템으로 교환할 수 있습니다.{nl}(사용 시 10분 동안 이동속도 +2, 물리 공격력 +50, 마법 공격력 +50 증가합니다.)				
INTL_20190228_000298	Coffre de Sélection de Costumes du Festival	축제 의상 코스튬 선택 상자				
INTL_20190228_000299	Contient un Costume de festival de votre choix (Homme/Femme).	폭죽 축제 이벤트에 참여할 수 있는 축제 의상 코스튬이 담긴 상자입니다.				
INTL_20190228_000300	Costume de Festival Masculin (30 Jours)	남성용 축제 의상 코스튬(30일)				
INTL_20190228_000301	Une tenue élégante à porter pour un festival. Utilisez pour changer votre apparence.	축제에 입고가기 무난한 정장입니다. 착용하면 외형이 변경 됩니다.				
INTL_20190228_000302	Costume de Festival Féminin (30 Jours)	여성용 축제 의상 코스튬(30일)				
INTL_20190228_000303	Une tenue élégante à porter pour un festival. Utilisez pour changer votre apparence.	축제에서 입기 무난한 드레스입니다. 착용하면 외형이 변경 됩니다.				
INTL_20190228_000304	Portez votre Costume de festival pendant la période de l'événement et vainquez des monstres{nl}pour récolter des Pétards du festival. Ensuite, apportez-moi les pétards et échangez-les contre{nl}d'autres objets ! Vous pouvez aussi utiliser les pétards près de moi pour obtenir le bonus Des{nl}feux d'artifice pour tous.	이벤트 기간 동안 축제 의상을 입고 몬스터를 처치하면 축제 폭죽을 획득할 수 있습니다.{nl}축제 폭죽을 저에게 가져오시면 다양한 아이템으로도 교환할 수 있습니다.{nl}(제 주변에서 축제 폭죽을 사용하면 "모두의 불꽃 축제" 버프를 추가로 획득할 수 있습니다.)				Ninot
INTL_20190228_000305	Application du bonus Des feux d'artifice pour tous dans {SEC} seconde(s).	{SEC}초 후 "모두의 불꽃 축제" 버프가 발동 됩니다.				
INTL_20190228_000306	Des feux d'artifice pour tous est maintenant actif !	"모두의 불꽃 축제" 버프가 발동합니다!				
INTL_20190228_000307	Portez votre Costume de festival et utilisez un Pétard du festival pour appliquer également le bonus Des feux d'artifice pour tous.	축제 의상을 입고 축제 폭죽을 사용하면{nl}"모두의 불꽃 축제"{nl}버프를 추가로 획득할 수 있습니다.				
INTL_20190305_000308	Recevez des objets spéciaux et des bonus pendant la période de l'événement ! Récompenses{nl}d'assiduité : du 13 au 17 mars 2019 Bonus de 24h le week-end : les 16-17 et 23-24 mars 2019	이벤트 기간동안 특별한 아이템과 버프를 획득할 수 있습니다.{nl}특별 접속 보상: 3월13일 ~ 3월17일{nl}주말 핫타임 24시간 버프: 3월16일 ~ 3월 17일, 3월23일 ~ 3월 24일				특별 접속 보상 이벤트 도우미
INTL_20190309_000309	Cube Boule à Neige	3월 특판 큐브				
INTL_20190309_000310	Cube boule à neige x10+1	3월 특판 큐브 x10+1				
INTL_20190316_000311	Recevoir des Chocolats	달콤한 초콜릿 받기				
INTL_20190316_000312	L'événement n'est pas ouvert actuellement.	이벤트 기간이 아닙니다.				
INTL_20190322_000313	Un titre décerné aux gagnants de l'événement des créateurs de contenu. Clic droit pour utiliser.	Content Creator 수상자에게 지급되는 칭호입니다. 마우스 오른쪽 클릭으로 사용합니다.				
INTL_20190322_000314	Un titre décerné aux gagnants de l'événement anniversaire de TOS. Clic droit pour utiliser.	Happy Anniversary 수상자에게 지급되는 칭호입니다. 마우스 오른쪽 클릭으로 사용합니다.				
INTL_20190405_000315	Pétale de Fleur	꽃잎				
INTL_20190405_000316	De bonnes choses se produisent quand vous collectez des Pétales de fleur.	꽃잎을 모으면 좋은 일이 생길 것 같습니다.				
INTL_20190405_000317	Cube de la Route Fleurie	꽃길 큐브				
INTL_20190405_000318	Coffre de Sélection Fée à Ornement à Volants	프릴 장식 페어리 코스튬 선택 상자				
INTL_20190405_000319	Une boîte contenant un Costume de fée à ornements à volants de votre choix (Homme ou Femme). Clic droit pour utiliser.	프릴 장식 페어리 코스튬이 들어있는 상자입니다. 마우스 오른쪽 버튼 클릭으로 사용합니다.				
INTL_20190405_000320	Vous avez besoin de Pétale de fleur x5.	꽃잎은 5개가 필요합니다.				이벤트 알림판
INTL_20190405_000321	Vous pouvez recevoir une Barrette fleur de cerisier pour vos cinq premières Pétale de fleur.{nl}Pour vos cinq Pétale de fleur suivantes, vous pouvez recevoir une Barrette friandise tricolore.	이벤트 기간동안 최초 꽃잎 5개는 삼색 경단 머리핀, 이후 꽃잎 5개는 벚꽃 머리핀으로 교환할 수 있습니다.				이벤트 알림판
INTL_20190405_000322	Événement de la Route Fleurie	꽃길 이벤트				
INTL_20190419_000323	Vérifier l'Usage de Speedhack	스피드핵 체크 사용 여부				
INTL_20190501_000324	Un titre décerné aux gagnants de l'événement Maître guide. Clic droit pour utiliser.	Guide Master 수상자에게 지급되는 칭호입니다. 마우스 오른쪽 클릭으로 사용합니다.				
INTL_20190611_000325	Cube Mystère (Homme)	Mystery Cube(남자)				
INTL_20190611_000326	Cube Mystère (Femme)	Mystery Cube(여자)				
INTL_20190611_000327	Cube mystère (Homme) x10+1	Mystery Cube(남자) x10+1				
INTL_20190611_000328	Cube mystère (Femme) x10+1	Mystery Cube(여자) x10+1				
INTL_20190628_000329	Bon de changement de classe niv. 4 (1 jour) Potion de réinitialisation de stats (1 jour) Vous pouvez{nl}recevoir 3 de chacun chaque jour pendant la période de l'événement.	클래스 변경권 Lv.4 (1일){nl}스탯 초기화 포션 (1일){nl}이벤트 기간 동안 매일 3개씩 지원해드리고 있습니다.	QUEST_20181207_010528	Bon de réinitialisation de rang (1 jour) Potion de réinitialisation de stats (1 jour) Vous pouvez{nl}recevoir 3 de chacun chaque jour pendant la période de l'événement.	랭크 초기화권 (1일){nl}스탯 초기화 포션 (1일){nl}이벤트 기간 동안 매일 3개씩 지원해드리고 있습니다.	초기화 지원 도우미
INTL_20190715_000330	Titre - Mon Pote Chupacabra	Title - 내친구 츄파카브라				
INTL_20190715_000331	Un titre offert aux participants de l'événement Mon copain Chupacabra. Clic droit pour utiliser.	사막 츄파카브라 성장 시 지급되는 칭호입니다. 마우스 오른쪽 클릭으로 사용합니다.				
INTL_20190715_000332	Obtenez des objets spéciaux pendant la période de l'événement. Consultez la bannière de{nl}l'événement pour plus de détails.	이벤트 기간동안 특별한 아이템을 획득할 수 있습니다.{nl}이벤트 배너를 참고해주세요.	INTL_20190305_000308	Recevez des objets spéciaux et des bonus pendant la période de l'événement ! Récompenses{nl}d'assiduité : du 13 au 17 mars 2019 Bonus de 24h le week-end : les 16-17 et 23-24 mars 2019	이벤트 기간동안 특별한 아이템과 버프를 획득할 수 있습니다.{nl}특별 접속 보상: 3월13일 ~ 3월17일{nl}주말 핫타임 24시간 버프: 3월16일 ~ 3월 17일, 3월23일 ~ 3월 24일	특별 접속 보상 이벤트 도우미
INTL_20190723_000333	Un type d'appât spécial utilisé pour la pêche. L'utiliser comme appât vous donne une chance d'attraper un [Événement] Coffre au trésor caché, un Poisson d'argent ou un Small Poisson d'argent.	낚시에 사용하는 특별한 미끼입니다. 미끼로 사용할 경우 [이벤트]연못에 숨겨진 보물 상자, 은빛 물고기, 작은 은빛 물고기를 각기 다른 확률로 획득 할 수 있습니다.				
INTL_20190820_000334	[Week-end Brûlant] EXP	[주말 버닝] 경험치 증가				
INTL_20190820_000335	XP +100 %	경험치 증가 + 100%				
INTL_20190820_000336	[Week-end Brûlant] Vitesse de Déplacement	[주말 버닝] 이동 속도 증가				
INTL_20190820_000337	Un matériau demandé par le forgeron Teliavelis de Fedimian, utilisé pour produire un équipement spécial.{nl}Peut être obtenu en terminant Nid de Velcoffer, Tombe de la Légende du Corbeau blanc et les raids uniques, le palier 5 du mode Défi, les missions Saalus et les donjons de niveau.{nl} Cet objet sera supprimé lors de la maintenance du 11 avril.	페디미안의 대장장이 테리아베리스가 요청한 특별한 장비를 만들기 위한 특별한 재료입니다.{nl}벨코퍼의 둥지, 흰 까마귀의 영면지: 레전드, 흰 까마귀의 영면지: 유니크, 챌린지 5단계, 수녀원 미션, 레벨 던전 클리어 시 획득할 수 있습니다.{nl}4월 11일 점검 시, 일괄 삭제 됩니다				
INTL_20190820_000338	L'événement Summer 2019 est en cours !{nl}{#003399}Nous échangeons actuellement des [Événement]Pièce Vasalos{/} et soutenons les adhésions de{nl}guilde.	2019년 여름을 기념하는 이벤트가 진행 중입니다.{nl}{#003399}[이벤트] 바살로스 주화{/}  교환과 길드 활동 보상을 지원해드립니다.				이벤트 도우미
INTL_20190820_000339	Échange de récompenses {#003399}[Festa d'été] Vacances d'été à Klaipeda{/}	2. {#003399}[Summer Festa] 클라페다에서 여름 나기 이벤트{/}의 보상 교환				이벤트 도우미
INTL_20190820_000340	 Terminé : 5{nl}- Raids uniques 	 클리어 : 5개{nl}- 유니크 레이드 				대장장이 테리아베리스
INTL_20190820_000341	 Terminé : 5{nl}- Mode Défi palier 5 : 2{nl}- Mission Saalus : 1{nl}- Donjon de niveau : 1	 클리어 : 5개{nl}- 챌린지 5단계 이상 클리어 : 2개{nl}- 수녀원 미션 클리어 : 1개{nl}- 레벨던전 클리어 : 1개				대장장이 테리아베리스
INTL_20190820_000342	L'accessoire capillaire Chat Latte peut être obtenu une fois, uniquement le 15 août.	8/15일 하루동안 라떼 캣 헤어 악세사리를 1회 획득할 수 있습니다.				내 마음도 받아줄래 이벤트 도우미
INTL_20190820_000343	NA	추가로 이벤트 기간 아래의 보상을 받을 수 있습니다.{nl}8/14일:화이트 데이 목걸이 (물리/14일) 1개{nl}8/15일:화이트 데이 목걸이 (마법/14일) 1개{nl}8/16일:화이트 데이 팔찌 (마법/14일) 2개{nl}8/17일:화이트 데이 팔찌 (물리/14일) 2개{nl}8/18일:화이트 데이 목걸이 (물리/14일) 1개{nl}8/19일:화이트 데이 팔찌 (물리/14일) 2개				내 마음도 받아줄래 이벤트 도우미
INTL_20190828_000344	Cet objet ne peut être utilisé que pour changer l'apparence d'un autre.{nl}Ne consomme pas d'argent lorsqu'il est utilisé comme matériau d'apparence.{nl}Échangeable contre des médailles à la Boutique d'échange.{nl}(Ce costume a été conçu par Shiseptiana de [SEA] Telsiai.)	외형 변경 전용 아이템입니다.{nl}해당 아이템으로 외형 변경 시 소재와 실버를 소모하지 않습니다.{nl}리사이클샵에서 메달로 교환할 수 있습니다.{nl}(This costume is designed by Shiseptiana from [SEA] Telsiai.)				
INTL_20190903_000345	Ajoute un emplacement de personnage à votre Logement.	사용시 캐릭터 슬롯이 추가됩니다.				
INTL_20191024_000346	Un titre décerné aux gagnants de l'événement 2018 Vœux de bonne année.	2018 Happy New Year Wishes Greetings 수상자에게 지급되는 칭호입니다.				
INTL_20191024_000347	Un titre décerné aux joueurs ayant collecté les [Événement] Révélation.	[이벤트] 계시를 찾은 구원자에게 지급되는 칭호입니다.				
INTL_20191024_000348	Un titre décerné aux gagnants de l'événement Fan Art Steam.	스팀 팬아트 수상자에게 지급되는 칭호입니다.				
INTL_20191024_000349	Un titre décerné aux joueurs TPP les plus créatifs.	Creative TPP Player에게 지급되는 칭호입니다.				
INTL_20191024_000350	Un titre décerné aux gagnants de l'événement Fan Art Été amoureux.	Loving Summer 팬아트 수상자에게 지급되는 칭호입니다.				
INTL_20191024_000351	Titre décerné aux participants de l'événement.	이벤트 참여자에게 지급되는 칭호입니다.				
INTL_20191024_000352	Un titre décerné aux créateurs de guides de jeu.	Game Guide Creator에게 지급되는 칭호입니다.				
INTL_20191024_000353	Un titre décerné aux gagnants de l'événement Fan Art d'Halloween.	Horror Night 팬아트 수상자에게 지급되는 칭호입니다.				
INTL_20191024_000354	Un titre décerné aux gagnants de l'événement Design d'arme TOS.	TOS Weapon Designer 수상자에게 지급되는 칭호입니다.				
INTL_20191024_000355	Un titre décerné aux gagnants de l'événement Artiste du Nouvel An.	New Year Artist 수상자에게 지급되는 칭호입니다.				
INTL_20191024_000356	Un titre décerné aux gagnants de l'événement Créateur de contenu.	Content Creator 수상자에게 지급되는 칭호입니다.				
INTL_20191024_000357	Un titre décerné aux gagnants de l'événement Joyeux anniversaire.	Happy Anniversary 수상자에게 지급되는 칭호입니다.				
INTL_20191024_000358	Un titre décerné aux gagnants de l'événement Maître guide.	Guide Master 수상자에게 지급되는 칭호입니다.				
INTL_20191024_000359	[Effet d'équipement du grimoire] Invoque le Seigneur démon Marnox lors de{nl}l'utilisation d'Invocation{nl}[Inéchangeable]	[그리모어 장착 효과] 서모닝 사용 시 마군주 마르녹스 형태의 악마 소환{nl}[거래 불가]				
INTL_20191024_000360	[Effet d'équipement du grimoire] Invoque le Seigneur démon Blut lors de{nl}l'utilisation d'Invocation{nl}[Inéchangeable]	[그리모어 장착 효과] 서모닝 사용 시 마군주 블룻 형태의 악마 소환{nl}[거래 불가]				
INTL_20191024_000361	[Effet d'équipement du grimoire] Invoque le Seigneur démon Zaura lors de{nl}l'utilisation d'Invocation{nl}[Inéchangeable]	[그리모어 장착 효과] 서모닝 사용 시 마군주 자우라 형태의 악마 소환{nl}[거래 불가]				
INTL_20191024_000362	[Effet d'équipement du grimoire] Invoque le Seigneur démon Nuaele lors de{nl}l'utilisation d'Invocation{nl}[Inéchangeable]	[그리모어 장착 효과] 서모닝 사용 시 마군주 누아엘레 형태의 악마 소환{nl}[거래 불가]				
INTL_20191024_000363	[Effet d'équipement du grimoire] Invoque le Seigneur démon Helgasercle lors de{nl}l'utilisation d'Invocation{nl}[Inéchangeable]	[그리모어 장착 효과] 서모닝 사용 시 마군주 헬가 세르클 형태의 악마 소환{nl}[거래 불가]				
INTL_20191024_000364	[Effet d'équipement du grimoire] Invoque le Seigneur démon Blut lors de l'utilisation d'Invocation{nl}[Inéchangeable]{nl}[Inéchangeable]	[그리모어 장착 효과] 서모닝 사용 시 마군주 렉시퍼 형태의 악마 소환{nl}[거래 불가]				
INTL_20191024_000365	[Effet d'équipement du grimoire] Invoque le Seigneur démon Mirtis lors de{nl}l'utilisation d'Invocation{nl}[Inéchangeable]	[그리모어 장착 효과] 서모닝 사용 시 마군주 미르티스 형태의 악마 소환{nl}[거래 불가]				
INTL_20191024_000366	[Effet d'équipement du grimoire] Invoque Seigneur démon Seigneur givrant lors{nl}de l'utilisation d'Invocation{nl}[Inéchangeable]	[그리모어 장착 효과] 서모닝 사용 시 마군주 프로스터 로드 형태의 악마 소환{nl}[거래 불가]				
INTL_20191024_000367	Utilisez pour obtenir l'un des objets suivants.{nl}- Carte du Seigneur démon Marnox [Inéchangeable] x1{nl}- Carte du Seigneur démon Blut [Inéchangeable] x1{nl}- Carte du Seigneur démon Zaura [Inéchangeable] x1{nl}- Carte du Seigneur démon Nuaele [Inéchangeable] x1{nl}- Carte du Seigneur démon Helgasercle{nl}[Inéchangeable] x1{nl}- Carte du Seigneur démon Rexipher [Inéchangeable]{nl}x1{nl}- Carte du Seigneur démon Mirtis [Inéchangeable] x1{nl}- Carte du Seigneur démon Seigneur givrant{nl}[Inéchangeable] x1	사용 시 아래의 구성물 중 하나를 선택해 획득할 수 있습니다.{nl} - 마군주 마르녹스 카드 [거래 불가] 1개{nl} - 마군주 블룻 카드 [거래 불가] 1개{nl} - 마군주 자우라 카드 [거래 불가] 1개{nl} - 마군주 누아엘레 카드 [거래 불가] 1개{nl} - 마군주 헬가 세르클 카드 [거래 불가] 1개{nl} - 마군주 렉시퍼 카드 [거래 불가] 1개{nl} - 마군주 미르티스 카드 [거래 불가] 1개{nl} - 마군주 프로스터 로드 카드 [거래 불가] 1개				
INTL_20191104_000368	Événement : Défense de la montée d'Halloween	이벤트: 와글와글 할로윈 업힐 디펜스				
INTL_20191104_000369	Événement : Mêlée de minuit d'Halloween	이벤트: 할로윈 밤의 소동				
INTL_20191104_000370	Assistant de la Mêlée de Minuit d'Halloween	할로윈 밤의 소동 이벤트 도우미				
INTL_20191203_000371	+90 % d'EXP gagnée en chassant des monstres{nl}+3 vitesse de déplacement{nl}+500 PV max.	몬스터 처치 시 획득 경험치 +90%{nl}이동 속도 +3{nl}최대 체력 + 500	SKILL_20161226_007306	+90 % d'EXP en chassant des monstres{nl}+3 vitesse de déplacement	몬스터 처치 시 획득 경험치 +90%{nl}이동 속도 +3	
INTL_20191203_000372	+120 % d'EXP gagnée en chassant des monstres{nl}+4 vitesse de déplacement{nl}+1000 PV max.	몬스터 처치 시 획득 경험치 +120%{nl}이동 속도 +4{nl}최대 체력 + 1000	SKILL_20161226_007308	+120 % d'EXP en chassant des monstres{nl}+4 vitesse de déplacement	몬스터 처치 시 획득 경험치 +120%{nl}이동 속도 +4	
INTL_20191203_000373	+150 % d'EXP gagnée en chassant des monstres{nl}+5 vitesse de déplacement{nl}+2000 PV max.	몬스터 처치 시 획득 경험치 +150%{nl}이동 속도 +5{nl}최대 체력 + 2000	SKILL_20161226_007310	+150 % d'EXP en chassant des monstres{nl}+5 vitesse de déplacement	몬스터 처치 시 획득 경험치 +150%{nl}이동 속도 +5	
INTL_20191203_000374	Utiliser la {#FF0000}[Événement] Clé de Noël royale{/} pour ouvrir le coffre ?	{#FF0000}[이벤트] 로열 크리스마스 열쇠{/}를 사용하여 상자를 여시겠습니까?				크리스마스 로열 상자
INTL_20191203_000375	Accessible uniquement le week-end.	주말에만 대화하실 수 있습니다.				
INTL_20191205_000376	Utilisez pour ouvrir le Coffre royal de Noël à Klaipeda et obtenir aléatoirement un objet de récompense parmi la liste suivante.{nl}[Événement] Points d'attribut 10 000 x1{nl}, [Événement] Points d'attribut 1 000 x1{nl}- [Événement] Points d'attribut 500 x1, Pierre de portail de raid x3{nl}- Sculpture de la Déesse (14 jours) x5, Graine miraculeuse (14 jours) x5{nl}- [Événement] Pièce de récompense de quête de guilde: Argent x1{nl} Cet objet sera supprimé lors de la maintenance du 26 décembre 2019.	클라페다에 위치한 크리스마스 로열 상자를 열어 아래 아이템 중 각기 다른 확률로 한 개의 아이템을 획득할 수 있습니다.{nl}[이벤트]특성 포인트 10,000 x1{nl}[이벤트]특성 포인트 1,000 x1{nl}[이벤트]특성 포인트 500 x1{nl}축복이 깃든 씨앗(14일) x1{nl}여신의 조각상(14일) x1{nl}[이벤트] 길드 퀘스트 보상 주화 : 은 x1{nl}레이드 포탈 스톤 x1{nl}19년 12월 26일 점검시, 일괄 삭제됩니다.				
INTL_20191216_000377	{img test_cooltime 25 25}{s18}Les points sont réinitialisés chaque trimestre.	{img test_cooltime 25 25}{s18}매 분기마다 포인트 초기화가 진행됩니다.				
INTL_20191216_000378	 {nl}Veuillez sélectionner une récompense.	 {nl}원하는 보상을 선택해주세요.				
INTL_20191230_000379	Accessible uniquement les vendredis, samedis et dimanches.	금,토,일에만 대화하실 수 있습니다.	INTL_20191203_000375	Accessible uniquement le week-end.	주말에만 대화하실 수 있습니다.	
INTL_20200114_000380	Route vers le Printemps 	봄으로 가는 길 				
INTL_20200114_000381	Cube du Printemps	봄 큐브	INTL_20190405_000317	Cube de la Route Fleurie	꽃길 큐브	
INTL_20200114_000382	Mission Route vers le Printemps	봄으로 가는 길 이벤트 미션				
INTL_20200114_000383	Vous pouvez recevoir une Barrette fleur de cerisier pour vos cinq premières {#661199}Pétale de fleur{/}.{nl}Pour vos cinq {#661199}Pétale de fleur{/} suivantes, vous pouvez recevoir 25 Cube du printemps.	이벤트 기간동안 최초 {#661199}꽃잎{/} 5개는 삼색 경단 머리핀, 이후 {#661199}꽃잎{/} 5개는 봄 큐브 25개로 교환할 수 있습니다.	INTL_20190405_000321	Vous pouvez recevoir une Barrette fleur de cerisier pour vos cinq premières Pétale de fleur.{nl}Pour vos cinq Pétale de fleur suivantes, vous pouvez recevoir une Barrette friandise tricolore.	이벤트 기간동안 최초 꽃잎 5개는 삼색 경단 머리핀, 이후 꽃잎 5개는 벚꽃 머리핀으로 교환할 수 있습니다.	이벤트 알림판
INTL_20200114_000384	{#661199}Informations Route vers le Printemps	{#661199}봄으로 가는 길 이벤트 안내	INTL_20190405_000322	Événement de la Route Fleurie	꽃길 이벤트	
INTL_20200206_000385	{@st66d_y}{s14}Bénédiction{nl}De la Déesse	{@st66d_y}{s14}여신의{nl}축복				
INTL_20200214_000386	 : x5{nl}- Raids légendaires : Casual : x2{nl}- Raids uniques : x5{nl}- Raids uniques : Casual : x2{nl}- Mode Défi palier 5+ : x2{nl}- Donjons de niveau : x1	 클리어 : 5개{nl}- 레전드 레이드:캐주얼 클리어 : 2개{nl}- 유니크 레이드 클리어 : 5개{nl}- 유니크 레이드:캐주얼 클리어 : 2개{nl}- 챌린지 5단계 이상 클리어 : 2개{nl}- 레벨던전 클리어 : 1개				대장장이 테리아베리스
INTL_20200609_000387	Aucun événement en cours au tableau d'affichage de l'événement.	현재 이벤트 알림판에서 진행중인 이벤트가 없습니다.				이벤트 알림판
INTL_20200727_000388	Appliquer ou non le mode protection après vérification du hwid et de l'ip, 1 : utiliser 0 : ne pas utiliser	hwid, ip 확인 후 보호모드 적용 여부, 1:사용 0:안함				
INTL_20201030_000389	Conserver le journal d'utilisation des Skills dans la Mission de guilde Boruta ? (1 : conserver, 0 : ne pas conserver)	보루타 길드 미션에서 스킬 사용 로그를 남길건가? (1: 남김, 0: 안함)				
INTL_20201123_000390	Applicabilité de CashOut, 1:Utilisé 0:Inutilisé	CashOut 적용 여부, 1:사용 0:안함				
INTL_20210128_000391	Bonus EP.13 Ravitaillement de croissance.{nl}EXP + 600 %{nl}Chance de butin + 300{nl}※S'applique uniquement aux personnages de Niv. 449 ou moins.	EP.13 성장 지원 버프 입니다.{nl}경험치 + 600%{nl}루팅찬스 + 300{nl}※450레벨 미만의 캐릭터에만 적용됩니다.				
INTL_20210318_000392	{s18}Message d'Avertissement de Rang du Marché	{s18}마켓 등급 관련 경고 메세지				
INTL_20210326_000393	Une lanterne rouge portant les vœux du nouvel an.	신년 소망을 담은 홍등입니다.				
INTL_20210326_000394	Un ballon en forme de tête de cerf fleuri.	꽃사슴 머리 모양 풍선입니다				
INTL_20211104_000395	{@st66b}{s16}{#FFFFFFF}Récompense de Classement par Type	{@st66b}{s16}{#FFFFFFF}계열 순위 보상				
INTL_20211104_000396	{@st66b}{s16}{#FFFFFFF}Récompense de Dégâts Cumulés	{@st66b}{s16}{#FFFFFFF}누적 대미지 보상				
INTL_20211104_000397	{@st66b}{s16}{#FFFFFFF}Récompense de Classement par Classe	{@st66b}{s16}{#FFFFFFF}클래스 순위 보상				
INTL_20211104_000398	{@st66b}{s16}{#FFFFFFF}Boutique Ligue de Combat d'Équipe	{@st66b}{s16}{#FFFFFFF}팀 배틀리그 상점				
INTL_20211104_000399	{@st66b}{s16}{#FFFFFFF}Enregistrer le Personnage à Changer	{@st66b}{s16}{#FFFFFFF}교체 캐릭터 등록				
INTL_20220831_000400	Dégâts {img green_down_arrow 16 16}#{CaptionRatio}#%, dégâts reçus -10 % en champ{nl}※ Mode Défi non inclus	필드 지역 대미지 {img green_down_arrow 16 16}#{CaptionRatio}#%, 받는 피해 10% 감소{nl}※챌린지, 차원 붕괴 제외				
INTL_20220919_000401	Dégâts {img green_up_arrow 16 16}#{CaptionRatio}#%, dégâts reçus {img green_down_arrow 16 16}10 % en champ{nl}※ Mode Défi et Singularité de division non inclus	필드 지역 대미지 {img green_up_arrow 16 16}#{CaptionRatio}#%, 받는 피해 {img green_down_arrow 16 16} 10%{nl}※챌린지, 분열 제외	INTL_20220831_000400	Dégâts {img green_down_arrow 16 16}#{CaptionRatio}#%, dégâts reçus -10 % en champ{nl}※ Mode Défi non inclus	필드 지역 대미지 {img green_down_arrow 16 16}#{CaptionRatio}#%, 받는 피해 10% 감소{nl}※챌린지, 차원 붕괴 제외	
INTL_20221024_000402	[Halloween] Bon d'une entrée pour Noyau turbulent (Auto/Solo)	[할로윈] 13 핵(자동 매칭, 1인) 1회 입장권				
INTL_20221125_000403	Coffre Cadeau Surprise du GM - Jour 1	GM의 12월 깜짝 선물 1회차 상자				
INTL_20221125_000404	Coffre Cadeau Surprise du GM - Jour 2	GM의 12월 깜짝 선물 2회차 상자				
INTL_20221125_000405	Coffre Cadeau Surprise du GM - Jour 3	GM의 12월 깜짝 선물 3회차 상자				
INTL_20221125_000406	Coffre Cadeau Surprise du GM - Jour 4	GM의 12월 깜짝 선물 4회차 상자				
INTL_20221125_000407	Coffre Cadeau Surprise du GM - Jour 5	GM의 12월 깜짝 선물 5회차 상자				
